model,loss,loss_std,loss_min,loss_max,loss_epcs,TP,TP_std,TP_min,TP_max,TP_epcs,FN,FN_std,FN_min,FN_max,FN_epcs,TN,TN_std,TN_min,TN_max,TN_epcs,FP,FP_std,FP_min,FP_max,FP_epcs,auc_roc,auc_roc_std,auc_roc_min,auc_roc_max,auc_roc_epcs,auc_pr,auc_pr_std,auc_pr_min,auc_pr_max,auc_pr_epcs,val_loss,val_loss_std,val_loss_min,val_loss_max,val_loss_epcs,val_TP,val_TP_std,val_TP_min,val_TP_max,val_TP_epcs,val_FN,val_FN_std,val_FN_min,val_FN_max,val_FN_epcs,val_TN,val_TN_std,val_TN_min,val_TN_max,val_TN_epcs,val_FP,val_FP_std,val_FP_min,val_FP_max,val_FP_epcs,val_auc_roc,val_auc_roc_std,val_auc_roc_min,val_auc_roc_max,val_auc_roc_epcs,val_auc_pr,val_auc_pr_std,val_auc_pr_min,val_auc_pr_max,val_auc_pr_epcs,hss,hss_std,hss_min,hss_max,hss_epcs,val_hss,val_hss_std,val_hss_min,val_hss_max,val_hss_epcs,tss,tss_std,tss_min,tss_max,tss_epcs,val_tss,val_tss_std,val_tss_min,val_tss_max,val_tss_epcs,far,far_std,far_min,far_max,far_epcs,val_far,val_far_std,val_far_min,val_far_max,val_far_epcs,recall,recall_std,recall_min,recall_max,recall_epcs,val_recall,val_recall_std,val_recall_min,val_recall_max,val_recall_epcs,precision,precision_std,precision_min,precision_max,precision_epcs,val_precision,val_precision_std,val_precision_min,val_precision_max,val_precision_epcs,f1,f1_std,f1_min,f1_max,f1_epcs,val_f1,val_f1_std,val_f1_min,val_f1_max,val_f1_epcs,acc,acc_std,acc_min,acc_max,acc_epcs,val_acc,val_acc_std,val_acc_min,val_acc_max,val_acc_epcs,num_train_inst,num_train_inst_std,num_train_inst_min,num_train_inst_max,num_train_inst_epcs,mcc,mcc_min,mcc_max,mcc_std,mcc_epcs,val_mcc,val_mcc_min,val_mcc_max,val_mcc_std,val_mcc_epcs
C+_mpf_Persistant_24,0.6646919488906861,0.0492930447874448,0.5715776681900024,0.7011677026748657,0x0x0x0x0,14.711339569091797,0.1643608492981406,14.526829719543455,15.009732246398926,0x0x0x0x0,1.6629363536834716,0.170876277877636,1.3527981042861938,1.853658556938172,0x0x0x0x0,13.423087310791017,0.0903760949931707,13.27493953704834,13.536585807800291,0x0x0x0x0,2.161726903915405,0.0805991678687949,2.0609755516052246,2.296837091445923,0x0x0x0x0,0.8769444942474365,0.005171993824079,0.8700198531150818,0.8857142925262451,0x0x0x0x0,0.8484941363334656,0.0059854569646413,0.8405035734176636,0.8586611747741699,0x0x0x0x0,2.2165810108184814,0.313245388815662,1.6955962181091309,2.658632516860962,0x0x0x0x0,6.6031999588012695,0.4152793416503801,5.855999946594238,7.127999782562256,0x0x0x0x0,1.044800007343292,0.4152794006235755,0.5199999809265137,1.7920000553131104,0x0x0x0x0,7.073599910736084,0.170938135824983,6.831999778747559,7.343999862670898,0x0x0x0x0,1.2656000018119813,0.178627651582425,0.9760000109672546,1.5119999647140503,0x0x0x0x0,0.8554757475852967,0.0204240666373081,0.8266533017158508,0.8894447088241577,0x0x0x0x0,0.8242026925086975,0.0231565087824391,0.7919026613235474,0.8630215525627136,0x0x0x0x0,0.7603265638365375,0.0076463625832304,0.7471076468885716,0.7709527947996571,0x0x0x0x0,0.7106704134276709,0.0415660364109039,0.6511885270115293,0.7793458266977467,0x0x0x0x0,0.7597359765368159,0.0074277829738054,0.7467279420696809,0.7698234141661966,0x0x0x0x0,0.7116437831245381,0.0432724835518621,0.6483826739876011,0.7824398172019886,0x0x0x0x0,0.128084707409216,0.003359215780589,0.1234658073436717,0.1327147539531912,0x0x0x0x0,0.1602521282718726,0.014888890639218,0.1428571453498095,0.1842105205828096,0x0x0x0x0,0.8984462950033529,0.010398774549545,0.8868374052317127,0.9173234166542248,0x0x0x0x0,0.8633891201927142,0.0542990842845622,0.7656903693951098,0.932008368592142,0x0x0x0x0,0.8719152925907838,0.003359215780589,0.8672852460468088,0.8765341926563283,0x0x0x0x0,0.8397478717281274,0.014888890639218,0.8157894794171903,0.8571428546501905,0x0x0x0x0,0.8849390139015393,0.0043601018495267,0.877948114360873,0.8916028278304265,0.0x0.0x0.0x0.0x0.0,0.8503024213520763,0.0258240662530674,0.8088397738930725,0.8896654983823685,0.0x0.0x0.0x0.0x0.0,0.8803280143388867,0.0038520973413927,0.8736938447359966,0.8857142821946437,0x0x0x0x0,0.8554757321439939,0.0204240677056631,0.8266533011113388,0.88944472183166,0x0x0x0x0,328000.0,150.0,327825,328225,24x24x24x24x24,0.7607863102414248,0.747268831044856,0.7723094638581935,0.0079968818190369,0.0x0.0x0.0x0.0x0.0,0.7126300188927456,0.6546588295652027,0.782582671559464,0.0415397275587925,0.0x0.0x0.0x0.0x0.0
C+_mpf_PTx8_RtdXall_ProgPos_AW1e5D1e4_0193x0211x0094_24,0.0085130084306001,0.0004448723654536,0.0079096881672739,0.0089660007506608,23x24x22x24x23,8.14650230407715,0.01361082823554,8.12125015258789,8.157764434814453,0x0x0x0x0,0.409213376045227,0.0274224419130326,0.3677018582820892,0.4519350826740265,6x6x5x5x6,7.762546443939209,0.0165222929869365,7.740971565246582,7.789999961853027,23x21x22x21x23,7.726155567169189,0.030834183986712,7.667496681213379,7.757802963256836,0x0x0x0x0,0.9988927125930788,0.0001546848386153,0.9986934065818788,0.9990646243095398,22x24x22x23x23,0.9987282514572144,0.0001317996828102,0.9985755681991576,0.9988990426063538,22x24x22x23x23,0.4836624503135681,0.0192576395977125,0.4615292847156524,0.509360671043396,4x6x6x5x7,7.57893476486206,0.0459119166799564,7.524590015411377,7.653225898742676,0x0x0x0x1,1.9630361676216128,0.5494851937998139,0.9593495726585388,2.471074342727661,23x12x22x17x18,7.274175071716309,0.2276902124888189,6.837398529052734,7.504065036773682,23x12x22x21x10,8.211727523803711,0.1070682624833906,8.024590492248535,8.357723236083984,0x0x1x0x0,0.8874159812927246,0.0084487272078388,0.8743019104003906,0.8996591567993164,4x7x7x7x7,0.8747354984283447,0.0093318104035456,0.8608250021934509,0.8866896033287048,4x6x7x7x7,0.9856274124032582,0.0007315124359885,0.984742829397895,0.986571540127918,23x21x22x24x23,0.6777342870189443,0.0406896862356727,0.6096689182926388,0.7212093565802329,4x8x7x24x8,0.98557366179372,0.0007229094244605,0.984709312952817,0.9864956700235066,23x21x22x24x23,0.6787645420107518,0.0427741878944765,0.6071134223494017,0.7261065460266396,4x8x7x9x8,0.0083135002552823,0.000272176114448,0.0080510405299514,0.008810572683221,23x21x22x24x23,0.1551715011818236,0.0170201120471584,0.1311672645411667,0.1826086897390326,23x12x22x21x7,0.998167669468268,0.0010871592049517,0.9963431359110616,0.9993912646934467,0x0x0x0x0,0.9993508405627584,0.0005300800694262,0.9989118607456584,1.0,0x0x0x0x1,0.9916864997447176,0.000272176114448,0.991189427316779,0.9919489594700484,23x21x22x24x23,0.8448284988181763,0.0170201120471584,0.8173913102609673,0.8688327354588333,23x12x22x21x7,0.9929722561965196,0.0003509489510051,0.992544126194163,0.993436116239884,23.0x21.0x23.0x22.0x24.0,0.8352950497257547,0.0238723081354057,0.7949790737530263,0.8631159797515332,8.0x8.0x6.0x7.0x13.0,0.992817209118576,0.000365277755263,0.992375320481202,0.9932891141231754,23x21x22x24x23,0.8390906019072052,0.0197787976686206,0.8060322329266594,0.8599796339429073,4x8x7x24x8,328000.0,150.0,327825,328225,24x24x24x24x24,0.9856312073136292,0.9847440228076422,0.9865784677015274,0.0007330432405264,23.0x21.0x23.0x22.0x24.0,0.6800444151361963,0.6124522282465998,0.728478437273826,0.0414519588496566,8.0x8.0x4.0x7.0x24.0
C+_mpf_FD_RtdX3_ProgPos_AW1e3D1e4_0193x0211x0094_24,0.1022025421261787,0.0063343014886059,0.0961717218160629,0.1120813637971878,10x11x11x11x11,7.725345420837402,0.0276206172466693,7.682896614074707,7.767701625823975,4x10x6x11x11,0.5898265600204468,0.0377587033622951,0.5350000262260437,0.6504369378089905,0x0x0x1x0,6.082265567779541,0.0635254403653372,5.991261005401611,6.164999961853027,10x11x11x11x11,3.776493644714356,0.2722716303219105,3.367372274398804,4.145341396331787,0x0x0x0x0,0.9247105240821838,0.0064634077494761,0.9133440852165222,0.930924952030182,10x11x11x11x11,0.9122427225112916,0.0078494340230317,0.8985617756843567,0.9199400544166564,10x11x11x11x11,0.4165818929672241,0.0631361843716004,0.3459271192550659,0.5012998580932617,8x3x6x2x2,7.104207801818848,0.4054158841454099,6.355371952056885,7.455284595489502,2x1x3x0x0,3.652537965774536,2.0250556719020807,1.926229476928711,7.430894374847412,1x0x5x5x5,7.700049495697021,0.3802982254436381,7.365853786468506,8.373983383178711,1x0x1x10x5,3.0318230628967284,0.441539830236473,2.185483932495117,3.442622900009156,2x1x3x0x1,0.9005071520805359,0.0268496921335051,0.8526057600975037,0.9280965328216552,8x3x9x2x2,0.8907106041908264,0.0296864203423276,0.8428912162780762,0.9262328147888184,8x6x9x2x2,0.723928126361869,0.0090881739219311,0.7082597813038387,0.7319253049219545,10x11x11x11x11,0.6622288978158812,0.0543809746567807,0.5572638235338238,0.7064457042135887,7x3x10x2x2,0.7214970705615545,0.0091617582882877,0.7057815208666458,0.7299036722863739,10x11x11x11x11,0.6643000031352762,0.056810827935907,0.5548253160001804,0.7118500452885026,7x3x10x2x2,0.1847991699568437,0.0055142924739027,0.1799207346375818,0.1935526059931724,10x11x11x11x11,0.12116919026013,0.0342252571018782,0.0714285667529521,0.1517996952065735,1x0x1x10x5,0.9465654626842376,0.003432228524007,0.9411224958089796,0.9516055370519494,4x10x6x11x11,0.9369339712048028,0.0562655496064393,0.8367791065473325,0.9892125139429266,2x1x3x0x0,0.8152008300431562,0.0055142924739026,0.8064473940068276,0.8200792653624182,10x11x11x11x11,0.8788308097398699,0.0342252571018782,0.8482003047934266,0.928571433247048,1x0x1x10x5,0.8752062378978376,0.003730538836523,0.8685956294043812,0.8782627182647362,10.0x11.0x11.0x11.0x11.0,0.8279384088295358,0.0352369382073592,0.7592891658759633,0.8555555553923284,5.0x3.0x2.0x3.0x7.0,0.8624877625363891,0.0045074184304182,0.8547015260059585,0.866374932769062,10x11x11x11x11,0.8311132520180136,0.0264862327215615,0.7800312027458992,0.8525012874289525,7x3x10x2x2,157440.0,72.0,157356,157548,11x11x11x11x11,0.7337367550756504,0.7188597976305693,0.741014096760309,0.0084371277744006,10.0x11.0x11.0x11.0x11.0,0.6662250354765031,0.5600392021029705,0.7140710225173112,0.0554637854430701,7.0x3.0x2.0x10.0x7.0
C+_mpf_FD_RtdX3_ProgPos_AW1e3D1e4_blos_24,0.1197935834527015,0.0052412303369718,0.1149085834622383,0.1277825236320495,10x11x11x11x11,7.715761280059814,0.0351185337908234,7.669975280761719,7.7733988761901855,9x11x6x5x10,0.6546888828277588,0.0198131833103586,0.6175742745399475,0.6724137663841248,0x0x0x0x0,5.664055442810058,0.0535765984983737,5.560793876647949,5.716584205627441,10x10x11x10x11,3.734366226196289,0.3229201846784156,3.392326831817627,4.277093410491943,0x0x0x0x0,0.9026531338691712,0.0059700753121731,0.8910972476005554,0.90754234790802,10x11x11x10x11,0.8883066654205323,0.0069955029595366,0.8751882314682007,0.8944588303565979,10x11x11x10x11,0.4275534212589263,0.0633406963000666,0.3850226402282715,0.5527036786079407,1x3x3x5x0,7.226054573059082,0.4951815815097989,6.300000190734863,7.691056728363037,0x5x4x1x4,3.1304468393325804,1.3855502075649817,1.130081295967102,5.27419376373291,10x9x6x5x2,7.540879440307617,0.5650151722718748,6.569105625152588,8.145161628723145,10x9x6x5x2,4.080928993225098,1.93219828772376,2.671999931335449,7.829268455505371,0x2x4x1x4,0.8961629748344422,0.0249931872138748,0.8468883633613586,0.9152455925941468,8x3x7x5x0,0.8845033288002014,0.0301421222185272,0.8251234889030457,0.9070156812667848,8x3x11x5x0,0.669715915123396,0.0106271898443828,0.6491026958565744,0.6789474294235813,10x11x11x10x11,0.6515958563639508,0.0598089781099015,0.5369606538838732,0.7132002336938252,8x4x10x7x0,0.6661282616111089,0.0106375490065366,0.6454601488591005,0.6754091870195831,10x11x11x10x11,0.6532381861153936,0.0614587067017223,0.5344411911196927,0.7134675160362383,8x4x10x7x0,0.2159071070031117,0.0047659490204547,0.2105664226491259,0.2248647346280029,10x10x11x10x11,0.1297432599464869,0.0523754753324602,0.0605504557055142,0.2068627500870923,10x9x6x5x2,0.9402679284020454,0.0049355529159796,0.933836859827966,0.949030220599256,9x11x6x5x10,0.9443686390115384,0.0682717639767917,0.8129032254095008,0.9978902953872018,0x5x4x1x4,0.7840928929968882,0.0047659490204547,0.7751352653719971,0.789433577350874,10x10x11x10x11,0.8702567400535131,0.0523754753324602,0.7931372499129076,0.9394495442944858,10x9x6x5x2,0.8544826364851504,0.0045762020572083,0.8457472328736167,0.8588363524450495,10.0x11.0x10.0x11.0x11.0,0.8255059328346105,0.0315489488238609,0.7640102842964708,0.8520309486604807,5.0x4.0x7.0x2.0x9.0,0.8358582190568692,0.0052603687538366,0.8256652913699548,0.8404066826599987,10x11x11x10x11,0.8257814738303477,0.0293791775115626,0.7697916684284185,0.8568548389800614,8x4x10x7x0,157440.0,72.0,157356,157548,11x11x11x11x11,0.6841728951266736,0.6635055910895579,0.694926081570193,0.0108157976424141,10.0x11.0x10.0x11.0x11.0,0.6574889490768763,0.543176776461229,0.7132235093968443,0.0589225767503132,8.0x4.0x7.0x10.0x0.0
C+_mpf_FD_Ptrd_ProgPos_Am1e3_blos_24,0.1464560985565185,0.0029531589653134,0.1433397382497787,0.1517003029584884,9x9x9x8x8,7.804128932952881,0.0375858723752265,7.75990104675293,7.863300323486328,0x0x0x0x0,0.5466791868209839,0.0645791431134696,0.442118227481842,0.6439206004142761,2x2x1x2x1,5.190091609954834,0.1080672674312552,5.099255561828613,5.399014949798584,8x7x9x8x6,3.4334741115570067,0.0791372667769995,3.3613860607147217,3.5812807083129883,0x0x0x0x0,0.8712426543235778,0.0047720644314762,0.8648782968521118,0.8791424632072449,9x9x9x8x8,0.8512135863304138,0.0041782233935581,0.8451674580574036,0.8573637008666992,9x9x9x8x8,0.4137781798839569,0.0640104361764754,0.3597899377346039,0.5339445471763611,0x1x7x6x6,6.758347702026367,0.8367009749133899,5.125,7.390244007110596,0x0x4x0x1,2.259434604644776,1.220675035749669,1.195122003555298,4.650000095367432,4x1x7x9x3,7.2650144577026365,0.3908921558889795,6.869918823242188,7.900000095367432,4x1x7x9x3,2.208431529998779,0.5842816696593753,1.3250000476837158,2.7560975551605225,5x0x4x0x1,0.8949211835861206,0.0339535896900509,0.8303160071372986,0.9264876246452332,0x1x7x6x8,0.8830106377601623,0.0393110113713654,0.8074480295181274,0.9159157276153564,0x1x7x6x8,0.6131353577863143,0.0175410375078423,0.595312130188511,0.6463951348542559,8x7x9x8x6,0.6422912829471078,0.064845792240403,0.526990269480296,0.7228211307572141,0x4x6x6x8,0.6088499914136714,0.0176891873762102,0.590954377655591,0.642438991280907,8x7x9x8x6,0.6449021342848095,0.0669511975905066,0.5239165881552121,0.7244803205905619,0x4x6x6x8,0.2511842313765665,0.0081671564268637,0.235635656892256,0.2585319205185975,8x7x9x8x6,0.1560785579557906,0.0364043454267395,0.1014492766142542,0.1957255252729517,4x1x7x9x3,0.9510345598196932,0.0048079638042689,0.9469788507414568,0.960006013668762,0x0x0x0x0,0.8836180028776379,0.1134693890308712,0.6612903225806451,0.9721925128532364,0x0x4x0x1,0.7488157686234336,0.0081671564268636,0.7414680794814025,0.7643643431077439,8x7x9x8x6,0.8439214420442094,0.0364043454267395,0.8042744747270483,0.8985507233857457,4x1x7x9x3,0.834405091517401,0.0067835379929308,0.8271992470136317,0.8471645005666326,8.0x9.0x8.0x7.0x6.0,0.8181203223713238,0.0446461292760688,0.731707317488287,0.8583204555128914,6.0x6.0x0.0x7.0x8.0,0.8080601783875754,0.0086184335197035,0.7992862075397447,0.8243857392137861,8x7x9x8x6,0.8209981969955319,0.0317692339827934,0.7651041689134823,0.8613911303184596,0x4x5x6x8,131200.0,60.0,131130,131290,9x9x9x9x9,0.6362401882684903,0.6184158286972233,0.66770549277708,0.0166950104197348,8.0x9.0x8.0x7.0x6.0,0.6508539103350879,0.5365299836889651,0.723704298257805,0.0630175737775613,6.0x6.0x0.0x3.0x8.0
C+_mpf_FD_Ptrd_ProgPos_AW2e4D4e3_blos_24,0.0931414991617202,0.0128208203977898,0.0786266103386879,0.11721683293581,24x24x21x22x23,7.923901176452636,0.0550354017969561,7.826354503631592,7.980148792266846,20x24x21x22x24,0.8663570642471313,0.1165867074916714,0.6908866763114929,1.0570719242095947,0x0x0x0x0,5.772299194335938,0.2431648546395017,5.305418491363525,5.955445766448975,24x21x21x22x23,5.510043048858643,0.4524952638249995,4.848635196685791,6.2733988761901855,4x5x1x0x0,0.9452070355415344,0.0123540167292023,0.9215849041938782,0.9570445418357848,24x24x21x22x23,0.9409351825714112,0.0123637200399994,0.9181244373321532,0.9543132781982422,24x24x21x22x23,0.6108485102653504,0.0650389434687117,0.5005815029144287,0.6812931299209595,8x12x10x13x6,7.654395008087159,0.0637563050543432,7.584000110626221,7.75,0x1x1x1x0,2.4610195398330688,1.4927789750268887,1.3833333253860474,5.375999927520752,20x24x10x22x16,7.023746490478516,0.8473049176425624,5.7833333015441895,8.255999565124512,23x24x10x22x16,8.313500785827637,0.0564240093324768,8.25,8.390243530273438,1x2x1x1x2,0.853498911857605,0.0359569152640623,0.7849924564361572,0.8857439756393433,23x21x12x13x16,0.8347581624984741,0.0399462461225628,0.7569847702980042,0.865709662437439,11x21x12x13x16,0.707519199298449,0.0359029157653543,0.6361936570983111,0.7306978020215346,24x21x21x22x23,0.6333039586052356,0.0281094278425267,0.5813200301094352,0.6622243437530675,23x16x13x24x18,0.7035858532041772,0.036012637208141,0.6320903213033735,0.7271376813065231,24x21x21x22x23,0.638543696094326,0.0288790587517777,0.5848810661888972,0.6674671170085786,23x16x13x24x18,0.2026577218171727,0.0204134248266846,0.1873161966171747,0.2422791533060633,24x21x21x22x23,0.1659529170499785,0.0842883399225432,0.0177935943532286,0.26475850253546,23x24x10x22x16,0.9656231653739352,0.0057723233323154,0.9554954128038132,0.9729239136763682,20x24x21x22x24,1.0,0.0,1.0,1.0,0x1x1x1x0,0.7973422781828272,0.0204134248266845,0.7577208466939367,0.8126838033828252,24x21x21x22x23,0.8340470829500214,0.0842883399225432,0.7352414974645399,0.9822064056467712,23x24x10x22x16,0.8718577899517749,0.0141222011998002,0.8437187566276936,0.880689658576294,23.0x21.0x24.0x21.0x22.0,0.8258299345578136,0.0119188348100667,0.8027343724215824,0.8364871445234194,18.0x16.0x23.0x19.0x24.0,0.8546851923046432,0.0177675287015157,0.8193791809129576,0.8660887107155152,24x21x21x22x23,0.8154761655669921,0.0140582420354868,0.7895833312689016,0.8301411302020443,23x16x13x24x18,328000.0,150.0,327825,328225,24x24x24x24x24,0.724430247218766,0.6596328031033132,0.7451246896273944,0.032515509752873,23.0x21.0x24.0x21.0x22.0,0.6464754984001642,0.5926776472382396,0.6719342806566369,0.0280367957577834,18.0x16.0x23.0x19.0x24.0
C+_mpf_PTx8xIntrPtc_RtdXall_ProgPos_AW1e5D4e3_blos_24,0.0167116492986679,0.0017135371903636,0.0134527329355478,0.0183585062623024,24x24x24x24x24,8.202986335754394,0.0154910413781234,8.1871919631958,8.228960037231445,0x0x0x0x0,0.5349622070789337,0.0432604364684788,0.4716748893260956,0.5732010006904602,6x6x7x6x5,7.687569522857666,0.0229207632438622,7.661290168762207,7.725369453430176,24x24x24x24x24,7.776218318939209,0.0116953601717136,7.758663177490234,7.791872024536133,0x0x0x0x0,0.9966894626617432,0.0005807806039641,0.996169924736023,0.9978009462356568,24x24x22x23x24,0.996597385406494,0.0005427117690842,0.9960943460464478,0.9976431131362916,24x24x23x24x24,0.4760670006275177,0.0392472001226179,0.3993140459060669,0.5101208090782166,3x7x5x10x8,7.604170608520508,0.085032058459676,7.512195110321045,7.75,0x0x0x0x0,2.967963719367981,0.876526418548905,1.656000018119812,4.4146342277526855,18x9x24x2x5,7.4300360679626465,0.3659202931926028,6.927999973297119,7.846774101257324,18x9x24x1x4,7.670587062835693,1.165480392335031,5.357723712921143,8.390243530273438,0x0x0x0x0,0.878382432460785,0.0198590386315092,0.8500378131866455,0.9107586741447448,3x14x3x4x8,0.8689790606498718,0.0191054981261203,0.8485967516899109,0.9051318168640136,3x7x3x4x8,0.972666905701886,0.0039417297096341,0.967858331095223,0.9798085685652042,24x24x24x24x24,0.6348164362819209,0.0496478059667822,0.5408400226661424,0.6874123290275761,3x13x21x24x13,0.9727488400114284,0.0039275609371989,0.967936096541572,0.9798568096868454,24x24x24x24x24,0.6361881718994045,0.0505389214872537,0.5404692072187667,0.68870041924291,14x13x17x24x13,0.0118036190922845,0.0017283874583106,0.00888821906679,0.0142402661587903,24x24x24x24x24,0.1525232702633415,0.035476617489856,0.1003086371172712,0.1966987652836717,18x18x24x1x4,0.9996376470222454,0.0003113580728725,0.999092421683906,1.0,0x0x0x0x0,0.9934599157190036,0.0098140953224971,0.9746835451848308,1.0,0x0x0x0x0,0.9881963809077154,0.0017283874583106,0.9857597338412096,0.99111178093321,24x24x24x24x24,0.8474767297366584,0.035476617489856,0.8033012347163283,0.8996913628827288,18x18x24x1x4,0.9866740185303678,0.0019113942959955,0.9843430908036926,0.9901422231591472,24.0x24.0x24.0x24.0x24.0,0.8163332345551458,0.0267531297836358,0.7647371189032549,0.8395445175761688,4.0x5.0x17.0x24.0x13.0,0.9863419250903126,0.0019691348829388,0.9839397935624628,0.989909882441869,24x24x24x24x24,0.8175904531231929,0.0244544294220014,0.7713541744005246,0.84375,3x13x21x24x13,328000.0,150.0,327825,328225,24x24x24x24x24,0.9726720938634162,0.9678625430929396,0.979810535504272,0.0039405004011507,24.0x24.0x24.0x24.0x24.0,0.6375399552685481,0.5435297948928054,0.6879721610091571,0.0495685433732005,13.0x3.0x17.0x24.0x13.0
C+_mpf_PTx8_RtdXall_ProgPos_AW2e5D4e3_blos_24,0.0093976292759179,0.0003974671834122,0.0088105667382478,0.0098322993144392,24x21x22x23x24,8.181928253173828,0.0133869551464952,8.160049438476562,8.199751853942871,0x0x0x0x0,0.5121439635753632,0.0296417631676164,0.4702233374118805,0.5495049357414246,4x4x4x3x6,7.709131813049316,0.0165242572959988,7.689356327056885,7.730197906494141,24x22x23x23x24,7.56747407913208,0.0757405680920452,7.452853679656982,7.651477813720703,0x0x0x0x0,0.9986865878105164,0.0002333854603457,0.9983522891998292,0.9990090727806092,22x21x22x23x24,0.9985163450241088,0.0003211209773449,0.9980762004852296,0.9989802837371826,22x21x22x23x24,0.4965225636959076,0.0242912911924674,0.4688116014003753,0.5335273146629333,4x6x3x5x3,7.263010025024414,0.3840535289997481,6.683333396911621,7.707316875457764,0x0x0x0x0,2.7094991207122803,0.974817668078638,1.3519999980926514,4.224999904632568,1x17x10x24x1,7.401118087768554,0.4624328339851965,6.783999919891357,7.974999904632568,1x17x10x15x1,5.541957092285156,2.364029832398988,2.790322542190552,8.390243530273438,0x0x0x0x0,0.8729887723922729,0.0181257696794779,0.8444263339042664,0.8987956643104553,2x6x10x2x1,0.8610573530197143,0.0220747121407255,0.8417019844055176,0.9002646803855896,2x6x3x3x1,0.9825859593141548,0.0011389676526382,0.98074369249881,0.9839686425183336,24x24x23x23x24,0.633585829747288,0.044527907486625,0.5549910358527723,0.6898351032677715,2x7x17x4x16,0.9825500396508628,0.0011424368163579,0.9807022184000308,0.9839239232065072,24x24x23x23x24,0.6354576620982251,0.0451964171316861,0.5552622924685362,0.6920325772328353,2x7x17x4x16,0.0091270757893724,0.0007780802586614,0.0078597345982384,0.0101055805499604,24x24x23x23x24,0.1452684099291513,0.045647731845224,0.0723684206914538,0.1952479333913154,1x17x10x3x1,0.997073222373716,0.0016551165680597,0.994857056315867,0.998947526720608,0x0x0x0x0,0.949039784880201,0.0524488138831077,0.8623655863367268,1.0,0x0x0x0x0,0.9908729242106276,0.0007780802586614,0.9898944194500396,0.9921402654017616,24x24x23x23x24,0.8547315900708486,0.045647731845224,0.8047520666086845,0.927631579308546,1x17x10x3x1,0.9915292625112624,0.0005438623379197,0.9906415098420316,0.9921886732038222,24.0x24.0x23.0x23.0x24.0,0.8155855064743894,0.0241034768130105,0.7722666625976563,0.8440545851093647,2.0x7.0x4.0x22.0x24.0,0.9912994134306184,0.0005685066578833,0.9903793934587608,0.991989524506184,24x24x23x23x24,0.8166027224082685,0.022161125567578,0.7776041626930237,0.8447580667017328,2x7x17x4x16,328000.0,150.0,327825,328225,24x24x24x24x24,0.982587483960668,0.9807448750754968,0.9839703259243712,0.0011391839578828,24.0x24.0x23.0x23.0x24.0,0.6354346161018212,0.5550588624223356,0.6914582122682211,0.0451566442272871,2.0x7.0x4.0x17.0x16.0
C+_mpf_PTx8_RtdXall_ProgPos_AW4e6D4e3_blos_24,0.0474714808166027,0.0037846743664145,0.0434454008936882,0.0533012077212333,24x24x24x24x24,8.197040367126466,0.0148876856292345,8.178217887878418,8.220296859741211,0x1x0x0x0,0.4597491025924682,0.0430480465164209,0.3916256129741668,0.5235732197761536,16x12x11x12x15,7.32589635848999,0.0450929165463065,7.251861095428467,7.37561559677124,24x24x24x24x24,7.728941440582275,0.0237845212184846,7.691831588745117,7.757389068603516,0x0x0x0x0,0.9819222688674928,0.002960189699981,0.9767608642578124,0.9848679304122924,24x24x24x24x24,0.9816450834274292,0.0029634499798064,0.9765578508377076,0.984777808189392,24x24x24x24x24,0.5395476400852204,0.0444519133370728,0.4804873764514923,0.608757734298706,12x11x8x9x12,7.639461708068848,0.0491868539416044,7.576000213623047,7.707316875457764,0x0x1x1x0,1.89512140750885,0.4287233958039163,1.128000020980835,2.4193549156188965,17x23x23x19x7,6.992570209503174,0.3216910542177218,6.599999904632568,7.419354915618896,23x21x23x19x7,8.28867473602295,0.08210805834829,8.149999618530273,8.373983383178711,0x0x0x1x0,0.8615514397621155,0.020756626686661,0.8278865218162537,0.8873831629753113,16x24x17x17x12,0.8440871119499207,0.0222645210382003,0.8153971433639526,0.878143310546875,16x24x17x23x9,0.9042024736893352,0.0097133690451481,0.8875137828704452,0.9142555752681382,24x24x24x24x24,0.6306265828044608,0.0458332019930979,0.5499999985098838,0.6921654104557172,16x14x23x18x15,0.9037535431539871,0.009730485802869,0.8870483921289325,0.913805439231698,24x24x24x24x24,0.6323186001297261,0.046591042294086,0.5505376329491063,0.695083655361806,16x14x23x18x15,0.0548222291771053,0.0052222047551634,0.0478596888110326,0.0628706948957234,24x24x24x24x24,0.18444563645808,0.0242540510712955,0.1524609856719405,0.215349371283671,23x21x23x19x9,0.9989132798497168,0.0005608747280967,0.9980365502892868,0.9996992933616016,0x1x0x0x0,0.9980685993494288,0.0033603027067909,0.9913978490881568,1.0,0x0x1x1x0,0.9451777708228946,0.0052222047551634,0.9371293051042764,0.9521403111889674,24x24x24x24x24,0.81555436354192,0.0242540510712955,0.784650628716329,0.8475390143280594,23x21x23x19x9,0.9538166136689638,0.0046600125824709,0.9458246060160116,0.9586063119441744,24.0x24.0x24.0x24.0x24.0,0.8153713992883243,0.0238866240371676,0.7734170574548054,0.8475401859928124,23.0x11.0x13.0x18.0x13.0,0.952158604022742,0.0048493609139749,0.9438280725984866,0.9571747656837624,24x24x24x24x24,0.8151751895827504,0.0228149325867502,0.7749999992549419,0.8457661317060551,16x14x23x18x15,328000.0,150.0,327825,328225,24x24x24x24x24,0.9043725890284666,0.887678534867469,0.9144393633998006,0.0097081447563412,24.0x24.0x24.0x24.0x24.0,0.6320883334334453,0.550268750068222,0.6952821608333893,0.0467130744771111,23.0x18.0x14.0x16.0x13.0
C+_mpf_PTx8_RtdXall_ProgPos_AW1e5D1e4_b_blos_24,0.0160828661173581,0.0016500269097638,0.0140596367418766,0.0186363719403743,24x24x24x24x24,8.186885833740234,0.0116095297448051,8.173267364501953,8.20471477508545,0x0x0x0x0,0.5082372784614563,0.0414760874891196,0.4396551847457886,0.5495049357414246,8x5x6x5x7,7.683387184143067,0.0138078692071586,7.663771629333496,7.703201770782471,24x24x24x24x24,7.667237186431885,0.0727955914244348,7.5569305419921875,7.759852409362793,0x0x0x0x0,0.996747863292694,0.0006395229983817,0.9957079887390136,0.9974961876869202,24x24x24x23x24,0.9965569615364076,0.0006673531073298,0.9954636693000792,0.9972861409187316,24x24x24x23x24,0.5019671559333801,0.0351865035928543,0.4484611749649048,0.5544649362564087,8x7x4x7x9,7.646317386627198,0.0687009710888406,7.584000110626221,7.75,0x0x0x0x0,2.636768674850464,0.8916637256541303,1.2400000095367432,3.5322580337524414,6x3x7x22x3,7.068099308013916,0.5108285075408245,6.328000068664551,7.642276287078857,6x3x14x17x3,8.134871768951417,0.2835890640572918,7.577235698699951,8.362903594970703,0x0x0x1x0,0.8645745396614075,0.0224544699307772,0.8373402953147888,0.8971396684646606,5x7x7x7x5,0.8529158711433411,0.0215133699598053,0.8305416107177734,0.8886542320251465,8x7x5x7x5,0.9732038940451456,0.0035265012793216,0.9683998330570666,0.978167076096216,24x24x24x24x24,0.6262641701358395,0.0501216208342794,0.5478578030637539,0.7040716991043445,12x13x14x4x5,0.9732437578134157,0.0035296080298831,0.9684298378933192,0.9782411843889895,24x24x24x24x24,0.6284958029079144,0.0507423131801947,0.5483219377360335,0.7066443493326915,12x6x14x4x5,0.0122973211364874,0.0019144959414034,0.0093486124122835,0.0148192952383201,24x24x24x24x24,0.1879688422926997,0.0318333371048168,0.1484184965596534,0.2316384263234318,4x3x14x17x7,0.9976771827319068,0.0013355951466445,0.9957888405274228,0.9993985867021584,0x0x0x0x0,0.9989404303150564,0.0016376326200819,0.9957716702646044,1.0,0x0x0x0x0,0.9877026788635124,0.0019144959414034,0.9851807047616798,0.9906513875877164,24x24x24x24x24,0.8120311577073002,0.0318333371048167,0.7683615736765682,0.8515815034403466,4x3x14x17x7,0.9869429223396268,0.0017318862979925,0.9845851592653272,0.989383329913409,24.0x24.0x24.0x24.0x24.0,0.813312303234291,0.0269212511842951,0.7698833562034391,0.8536465932101337,4.0x12.0x6.0x3.0x14.0,0.9866106569582692,0.0017627864492441,0.9842093038710176,0.989091753169065,24x24x24x24x24,0.8128442200783847,0.0249840858897601,0.7739583378890528,0.8518145192008946,12x13x14x4x5,328000.0,150.0,327825,328225,24x24x24x24x24,0.9732065542250178,0.9684005766306892,0.9781704650743744,0.0035266272595595,24.0x24.0x24.0x24.0x24.0,0.6291255119637011,0.5480588946416306,0.7082330295291424,0.0513314402199825,4.0x12.0x6.0x4.0x14.0
C+_mpf_PTx8_RtdXall_ProgPos_Aw1e5D1e4_blos_24,0.0157392680644989,0.0020175674364482,0.0127031151205301,0.0186572894454002,24x24x23x23x24,8.191840171813965,0.0117706674134346,8.178217887878418,8.209157943725586,0x0x0x0x0,0.4934169888496399,0.0444707230050939,0.4224137961864471,0.5620347261428833,5x6x6x5x6,7.683615779876709,0.0242749027857343,7.657568454742432,7.715346336364746,24x23x23x23x23,7.700689029693604,0.0279039676962864,7.666253089904785,7.735221862792969,0x0x0x0x0,0.9969917893409728,0.0007727316294988,0.9957001209259032,0.998040497303009,23x24x23x23x24,0.9967971682548524,0.000920215700802,0.9952545762062072,0.9980663061141968,23x24x23x23x24,0.5182691156864166,0.0535542018774263,0.4487335383892059,0.6017712950706482,5x7x9x7x6,7.622394943237305,0.112544060720499,7.423999786376953,7.75,0x0x0x1x0,2.7602082014083864,0.5498496402180644,1.840000033378601,3.4919354915618896,2x19x18x24x4,7.204710006713867,0.4011980051780399,6.845528602600098,7.790322780609131,22x18x23x24x4,8.223886108398437,0.2034105715758943,7.831999778747559,8.390243530273438,0x0x0x1x0,0.8632548570632934,0.0232175743178782,0.8294965624809265,0.894858181476593,9x4x16x7x6,0.8495676517486572,0.0265227802909384,0.8178302645683289,0.8878824710845947,9x4x9x7x6,0.9737181502220472,0.0041612506157251,0.9679984984379474,0.9791904597564428,24x23x23x23x23,0.6179975990542018,0.0448029241235806,0.5364130526735694,0.6698795033284947,14x9x16x11x10,0.9737469360965572,0.0041507615195077,0.968022240677478,0.9791645001421804,24x23x23x23x23,0.6195771731379702,0.0453365224735647,0.536884970484997,0.6723899786663861,14x9x16x11x10,0.0122620519603413,0.0019439894798174,0.0096955007650253,0.0151400455880705,24x23x23x23x23,0.174706770353659,0.0337628464964277,0.1230769170514069,0.2090112552066408,22x18x23x12x4,0.9982802414600432,0.0005926139491875,0.9975936230011656,0.9992482333349828,0x0x0x0x0,0.9957805906907704,0.0084388186184591,0.978902953453852,1.0,0x0x0x1x0,0.9877379480396588,0.0019439894798174,0.9848599544119294,0.9903044992349748,24x23x23x23x23,0.825293229646341,0.0337628464964277,0.7909887447933591,0.876923082948593,22x18x23x12x4,0.9872013313937108,0.0020189499408895,0.984412833401084,0.9898564881790224,24.0x23.0x23.0x23.0x24.0,0.8102943190808924,0.0199022834735152,0.7733204365589206,0.833671398028236,3.0x9.0x5.0x12.0x10.0,0.9868679214988744,0.0020789120102001,0.9840099361638492,0.9896017870601308,24x23x23x23x24,0.808866280302907,0.0223613648765748,0.7682291624563125,0.8346774168612976,14x9x16x11x10,328000.0,150.0,327825,328225,24x24x24x24x24,0.973719765546606,0.967998918924904,0.9791910297783232,0.0041616548720087,24.0x23.0x23.0x23.0x23.0,0.6210927649530245,0.5366253757136089,0.6720615392483181,0.045217468502942,14.0x9.0x5.0x16.0x10.0
C+_mpf_FD_Ptrd_ProgPos_Am1e3_0193x0211x0094_24,0.1491372048854828,0.0037202988597597,0.1436326205730438,0.1552568674087524,11x7x7x11x11,7.767710781097412,0.0288284952429812,7.7203497886657715,7.811180114746094,0x0x0x0x0,0.5181069612503052,0.0387552745768634,0.4621118009090423,0.579275906085968,1x1x1x2x3,5.27078104019165,0.1016807581666843,5.144278526306152,5.438509464263916,11x7x7x8x11,3.819426393508911,0.2635601488816244,3.4122042655944824,4.227215766906738,0x0x0x0x0,0.8691255807876587,0.0049292161206885,0.8618196845054626,0.8746604919433594,11x7x7x11x11,0.8469314098358154,0.0048758724077748,0.8391457796096802,0.8531256914138794,11x7x7x11x11,0.4781089782714843,0.0717265904028366,0.3908276557922363,0.5765990614891052,0x0x0x0x2,6.644369411468506,0.7960940538531972,5.066115856170654,7.195121765136719,0x9x1x4x9,2.1779555082321167,0.9706054620619298,1.0894309282302856,3.752066135406494,1x3x3x8x0,6.956479740142822,0.466509094323675,6.209677219390869,7.628098964691162,1x3x0x8x0,2.274047493934632,0.3889007938453874,1.5619834661483765,2.745901584625244,0x9x1x4x9,0.8735597014427186,0.0331624302757436,0.8221384286880493,0.914157211780548,0x10x0x0x2,0.8626949071884156,0.036752988204653,0.8135070204734802,0.9092901945114136,0x10x0x0x2,0.6216537531216136,0.0176010563337854,0.6051331257651642,0.6532952234936283,11x7x7x8x10,0.6144796676069484,0.0646291680934154,0.4906744751399127,0.6774444764290947,5x8x1x6x5,0.6182558332679774,0.017624851040493,0.6014755017899189,0.6498478431519246,11x7x7x8x10,0.6183937849509048,0.0682609408325613,0.4869000608073837,0.6816804622489157,5x8x1x6x5,0.2491793434743994,0.0083803430188444,0.2346988500551784,0.2576084284527806,11x7x7x8x10,0.1954491454288158,0.0304124370575766,0.1483516517627865,0.2350746270714796,1x5x0x8x0,0.9517571947070532,0.0037906512998454,0.9457103554981856,0.9569319750156432,0x0x0x0x0,0.8762304730319359,0.1056604196433213,0.6670293832105832,0.946524062892237,0x9x1x4x9,0.7508206565256007,0.0083803430188444,0.7423915715472194,0.7653011499448216,11x7x7x8x10,0.8045508545711841,0.0304124370575766,0.7649253729285204,0.8516483482372135,1x5x0x8x0,0.8369159449934731,0.0070238841636822,0.8301937749362117,0.849793544540662,10.0x11.0x7.0x8.0x7.0,0.8063465927297211,0.0475301422295505,0.7123765298635926,0.841379308003571,11.0x0.0x8.0x6.0x1.0,0.8119446664004389,0.0087121344508665,0.8037456110864375,0.8276371031705826,11x7x7x8x10,0.8067664444617165,0.0309747669016094,0.7477899111205847,0.8380855388709788,5x8x1x6x5,157440.0,72.0,157356,157548,11x11x11x11x11,0.644905613809196,0.6288586817017301,0.6756001958164672,0.0168514028857418,10.0x11.0x7.0x8.0x7.0,0.6258365381779043,0.4983988963353898,0.6832274594647485,0.0658524064683236,5.0x5.0x8.0x6.0x1.0
C+_mpf_PTx8_RtdXall_LowBC_Am2e5_blos_24,0.0166179299354553,0.0010701423729689,0.0151176080107688,0.0179880317300558,24x24x24x24x24,8.118295097351075,0.0147355739496385,8.097772598266602,8.13490104675293,0x0x0x0x0,0.8681458353996276,0.0484817414700159,0.8004925847053528,0.929280400276184,3x4x3x3x4,7.730424690246582,0.0112410145924322,7.716584205627441,7.747537136077881,24x24x24x24x24,6.245552730560303,0.457646450055361,5.478960514068604,6.912128925323486,0x0x0x0x0,0.9981289982795716,0.000202389392643,0.9979164600372314,0.9984149932861328,21x21x24x24x22,0.9978866219520568,0.0001964884942089,0.9976319074630736,0.9981285333633424,21x21x24x24x22,0.5089586615562439,0.0239141435985677,0.4778075814247131,0.5462735295295715,2x6x1x3x6,7.174837684631347,0.4854906410006732,6.593495845794678,7.75,0x0x0x17x12,4.62937741279602,1.874459697670236,1.7599999904632568,7.612903118133545,6x2x20x0x0,7.778232574462891,0.4559176270263125,7.007999897003174,8.370967864990234,6x3x16x0x0,5.560208511352539,2.995291589080052,1.7177419662475586,8.25,0x0x0x17x12,0.8750591039657593,0.015830191502272,0.8556212782859802,0.9023395776748656,1x6x6x11x6,0.8607885122299195,0.0162401066620501,0.8415801525115967,0.889224112033844,2x6x6x5x6,0.9794627960160864,0.0015956243311294,0.9772327308790916,0.981420360643538,24x24x24x23x22,0.6145112783783692,0.0502957979015511,0.5280545449175383,0.6831122364070933,1x12x16x13x7,0.9796353181793068,0.0015941073543346,0.97741061726359,0.98157781751945,24x24x24x23x22,0.6140037590562858,0.0517309901235197,0.5249918609419246,0.6838162552147575,1x12x18x13x7,0.0065932176483979,0.0005403316096181,0.005939689174004,0.0073092736176894,24x24x24x24x24,0.1062801619773704,0.0588798012586384,0.0,0.1769230730182925,6x3x16x3x0,0.989319187005967,0.0020705557340739,0.9870090639916724,0.9930837465700992,0x0x0x0x0,0.9374110327411476,0.0637064414026955,0.8554852292123102,1.0,0x0x0x17x12,0.993406782351602,0.0005403316096181,0.9926907263823104,0.994060310825996,24x24x24x24x24,0.8937198380226296,0.0588798012586384,0.8230769269817074,1.0,6x3x16x3x0,0.9899669582045456,0.0007885771619802,0.9888594169248556,0.9909515905062954,22.0x24.0x24.0x24.0x23.0,0.7961165256977194,0.0347644907019894,0.7342060338078469,0.8359456661788571,7.0x12.0x8.0x18.0x17.0,0.9897367255086952,0.0007978280373024,0.9886214104550788,0.9907163853273812,24x24x24x23x22,0.8080263747478936,0.0247054219465903,0.7656250057043508,0.8417338728904724,1x12x16x13x7,328000.0,150.0,327825,328225,24x24x24x24x24,0.9794852191773178,0.977258623034728,0.9814356065161188,0.0015941021382819,22.0x24.0x24.0x24.0x23.0,0.6175412420119674,0.5375035057352431,0.683280666629244,0.0472967274645628,7.0x12.0x1.0x18.0x13.0
C+_mpf_PTx8_RtdXall_NoWghtxNatFold_Am2e5x25_blos_24,0.0406777650117874,0.0050119238103497,0.0343331806361675,0.0461292453110218,23x23x24x22x23,7.563365268707275,0.009731442151442,7.551816940307617,7.580732822418213,0x0x0x0x0,1.3694416761398316,0.0741288213394254,1.22880220413208,1.43554949760437,3x2x2x2x3,8.281214332580566,0.0184248086829789,8.259159088134766,8.310901641845703,23x20x24x24x22,7.111285972595215,0.2683048898385923,6.670284748077393,7.408660411834717,0x0x0x0x0,0.9980220675468444,0.0005115597303209,0.9973116517066956,0.9988389015197754,23x24x24x22x23,0.9978869438171388,0.0005407613130174,0.9971234798431396,0.9987542629241944,23x23x24x22x23,0.4937904715538025,0.0496309636289316,0.4013896584510803,0.5397282242774963,3x4x4x3x4,6.791845512390137,0.8011707186268726,5.560975551605225,7.741666793823242,0x22x0x7x15,5.873284578323364,1.9329327718675235,2.2720000743865967,7.567999839782715,2x2x21x0x0,8.05919008255005,0.3757319058134484,7.311999797821045,8.312000274658203,2x2x21x0x0,4.282765793800354,3.26036663274235,1.3252032995224,8.295999526977539,0x22x0x24x15,0.8690342426300048,0.0254590888865754,0.8346092104911804,0.9128889441490172,8x8x6x8x4,0.8571323394775391,0.0293321999509427,0.8312811851501465,0.9116217494010924,3x8x4x10x4,0.977662799917984,0.003247308670467,0.9738064714773488,0.9832922241536926,23x23x24x24x23,0.6077623657822859,0.0424805811537828,0.5431695590714068,0.6640216830460023,8x24x8x7x15,0.9772496221203456,0.0032862447920513,0.9734144697744876,0.982921856859595,23x23x24x24x23,0.6084082688153376,0.0441874955606474,0.5423359878377876,0.666194748231058,8x24x8x7x15,0.0063255935547781,0.0014724745836099,0.0042643925558409,0.008057296563587,23x23x24x24x22,0.0535989160082708,0.0622141361686419,0.0,0.1558935380605538,2x2x21x0x0,0.987383517040728,0.001347398977095,0.9855251542339436,0.9886765751085184,0x0x0x0x0,0.887896592762781,0.1021287878509242,0.7307692331792806,1.0,0x22x0x7x15,0.9936744064452216,0.0014724745836099,0.991942703436413,0.9957356074441592,23x23x24x24x22,0.9464010839917292,0.0622141361686419,0.8441064619394462,1.0,2x2x21x0x0,0.9883076488629224,0.0016987028255955,0.9863038069346892,0.9912443616383516,24.0x24.0x23.0x23.0x23.0,0.7970410336152132,0.0284912176924293,0.7586968503170121,0.8299388971209037,7.0x8.0x8.0x24.0x15.0,0.9888556540454032,0.0016202974060633,0.9869303233733376,0.9916652632655182,23x23x24x24x23,0.8043033002201048,0.0208519190276322,0.7721584996568935,0.8318227575168798,8x24x6x7x15,300100.0,0.0,300100,300100,24x24x24x24x24,0.9777157242714996,0.9738538604088623,0.9833286478455204,0.0032367784565956,24.0x24.0x23.0x23.0x23.0,0.609994314611148,0.5438263626041889,0.6656740125936345,0.0428538181569329,7.0x8.0x8.0x24.0x15.0
C+_mpf_PTx4_Ptrd_ProgPos_Am1e3_blos_24,0.1455018430948257,0.003275849557956,0.1415353119373321,0.1508142948150634,0x6x9x8x7,7.911132431030273,0.0205996008113353,7.876237392425537,7.930521011352539,0x0x0x0x0,0.4902411222457886,0.0683961246650724,0.3645320236682892,0.5581682920455933,2x2x5x7x9,5.262220287322998,0.0567777952058652,5.181034564971924,5.337871074676514,9x9x8x8x7,3.3463745594024656,0.2769623607918023,2.864531993865967,3.618811845779419,0x0x0x0x0,0.876452910900116,0.004874489920659,0.8677555918693542,0.8804872632026672,9x9x9x8x7,0.8653755903244018,0.0085370819581395,0.8493936061859131,0.8726481199264526,9x6x9x8x7,0.4971490859985351,0.0592513770419041,0.4477412402629852,0.6133731603622437,3x9x8x7x9,6.950678062438965,0.3091712264079141,6.358333110809326,7.208000183105469,6x0x2x4x3,3.22348313331604,1.2804483980586756,1.1119999885559082,4.983870983123779,2x1x8x6x6,7.280711555480957,0.4227401597550868,6.480000019073486,7.677419185638428,2x1x8x6x6,2.795210838317871,0.5779911650098822,2.1693549156188965,3.888000011444092,6x0x2x4x3,0.8724376559257507,0.0307773462708017,0.8131070733070374,0.8999282717704773,4x9x8x9x8,0.8623474478721619,0.0341038988819806,0.7964131236076355,0.8903264999389648,4x9x8x7x9,0.6226081670014446,0.003909424519876,0.6161526997147079,0.6265293230388681,9x9x8x8x7,0.6063663891446047,0.0550987950119549,0.5005877021079396,0.6515391226806222,4x5x8x9x3,0.6184093717375828,0.003803627953179,0.6121961276978731,0.6221537483202491,9x9x8x8x7,0.6083612641733498,0.056946247933139,0.4995764133989695,0.6573382639405634,4x5x8x9x3,0.245882525791218,0.0038168422325198,0.2404799907082624,0.2501471454064619,9x9x8x8x7,0.1798314611942279,0.0237182247350883,0.1482014305920689,0.2191119644470955,2x1x8x6x9,0.964073150296588,0.0024825922689774,0.9611841098233468,0.9670726204747364,0x0x0x0x0,0.9084159559450972,0.0467842270531431,0.8204301040535621,0.9504219437387024,6x0x2x4x3,0.7541174742087821,0.0038168422325198,0.7498528545935381,0.7595200092917376,9x9x8x8x7,0.820168538805772,0.0237182247350883,0.7808880355529044,0.851798569407931,2x1x8x6x9,0.8377672504395324,0.0020816279444175,0.8347650980974874,0.8411461773026009,7.0x9.0x9.0x8.0x8.0,0.8092657182845915,0.0273315953136216,0.7580725192727493,0.8328530181001315,3.0x0.0x6.0x1.0x4.0,0.8127070334315176,0.0019697349609346,0.8094279716224406,0.814680736903281,9x9x8x8x7,0.8030096297223743,0.0270223960008628,0.7510416693830242,0.8245967688008902,4x5x8x9x3,131200.0,60.0,131130,131290,9x9x9x9x9,0.6445824384385535,0.6378312145068475,0.6538882491740791,0.0053175012693783,7.0x9.0x9.0x8.0x8.0,0.6133015467653828,0.5016412774422601,0.6636606460316539,0.0592943212328003,3.0x0.0x4.0x1.0x9.0
C+_mpf_PTx8_RtdXall_EquiC_Am4e5_blos_24,0.0260411489754915,0.0012614510192039,0.0236719455569982,0.0271182805299758,24x23x24x22x24,8.091354370117188,0.013708208013991,8.069307327270508,8.105459213256836,24x23x24x22x24,1.6047963857650758,0.0674450090905581,1.509852170944214,1.7202969789505005,1x2x1x1x1,7.753448867797852,0.0087004898658572,7.742574214935303,7.76600980758667,24x23x22x22x24,3.737279891967773,0.5795732033894587,3.0471463203430176,4.495049476623535,0x0x0x0x0,0.9981331110000612,0.0002793994776912,0.9977675676345824,0.9985882639884948,24x24x24x22x24,0.997789490222931,0.0003139845903272,0.9973685145378112,0.9982895255088806,24x24x24x22x24,0.5677416920661926,0.045497903555482,0.5246295928955078,0.6559334993362427,2x5x2x6x5,5.959867668151856,0.5528764468058118,5.275000095367432,6.599999904632568,23x14x3x19x21,7.27992000579834,0.3897907435696903,6.796748161315918,7.75,1x0x0x2x0,8.310248756408692,0.0593296674176411,8.25,8.390243530273438,0x0x0x2x1,1.615135169029236,0.2978928695816948,1.2357723712921145,1.9186991453170776,23x13x3x19x21,0.867591118812561,0.0171816497331689,0.8353116512298584,0.8814072608947754,11x14x7x10x22,0.8536522865295411,0.0169264856557104,0.820732831954956,0.8684806227684021,7x5x7x10x10,0.9818195990594693,0.0014617623995871,0.9800225713123422,0.9843130854442714,24x23x24x22x24,0.6033183959667106,0.0471613657245372,0.5306135878703867,0.6639142746012917,9x14x13x9x21,0.982092634789844,0.0014314765386927,0.980299651556021,0.9845343910805148,24x23x24x22x24,0.6022152858702515,0.0486205378917838,0.5280547487646658,0.6641246440658493,9x14x13x9x21,0.0037792031253881,0.0003803364603844,0.0031968337173329,0.0042761147392039,24x23x24x22x24,0.0090470890195861,0.0133823144970981,0.0,0.0344827564413284,0x0x0x2x1,0.9860350376916248,0.0013072781455671,0.9847455074593062,0.988201482949994,24x23x24x22x24,0.7789025233520028,0.0749386779976116,0.6806451735957977,0.8702531598065851,23x14x3x19x21,0.9962207968746116,0.0003803364603845,0.995723885260796,0.9968031662826672,24x23x24x22x24,0.978269983313773,0.0243521211977536,0.9365853616667956,1.0,0x3x0x2x1,0.9911013231237772,0.0007195198992745,0.9902042680233156,0.9923293084052718,24.0x23.0x22.0x24.0x24.0,0.786798164617854,0.0329384782390776,0.7383177643499473,0.8250131401144791,9.0x14.0x9.0x13.0x21.0,0.9909136026828174,0.0007307841312291,0.9900147072511892,0.9921602113939538,24x23x24x22x24,0.8024708164476431,0.0230015155218636,0.7666666691501935,0.8322418126490003,9x14x13x9x21,328000.0,150.0,327825,328225,24x24x24x24x24,0.9818745853291804,0.980085202865055,0.9843490011742386,0.0014504846120141,24.0x23.0x22.0x24.0x24.0,0.6060850505345441,0.5371103429021761,0.6639308439682274,0.0443729359769013,9.0x14.0x9.0x13.0x21.0
C+_mpf_PTx8_RtdXall_EquiC_AW2e5D4e3_blos_24,0.0279959555715322,0.0022260182995057,0.0253098718822002,0.0308568011969327,24x24x24x24x23,8.091335487365722,0.0153397027501479,8.069307327270508,8.116336822509766,0x23x0x0x23,1.470015549659729,0.0837856845000991,1.3091132640838623,1.5347394943237305,2x2x2x2x2,7.755425453186035,0.01281424126982,7.735148429870605,7.7733988761901855,24x24x24x24x23,5.673684549331665,0.8577175820530016,3.993796586990357,6.29950475692749,0x0x0x0x0,0.9980764508247376,0.0002936834149161,0.9976913332939148,0.9985904097557068,23x23x24x24x23,0.997835087776184,0.0003745877285072,0.997248649597168,0.9984154105186462,23x23x22x24x23,0.5330650508403778,0.0389101749130542,0.4848594069480896,0.5892022252082825,3x4x2x2x5,5.956080532073974,0.5506565565061882,5.146341323852539,6.548387050628662,12x21x14x24x17,6.471790885925293,1.2227194815806544,4.239999771118164,7.691666603088379,2x1x6x0x2,8.226372337341308,0.09870667034716,8.079999923706055,8.370967864990234,2x1x6x0x1,1.5709448099136352,0.2982769985113359,1.0894309282302856,1.9759999513626096,12x21x14x22x17,0.8672656655311585,0.0207137139667978,0.8405773639678955,0.8973753452301025,8x21x4x8x19,0.8528398156166077,0.0182556502161921,0.8299065232276917,0.8749733567237854,3x14x3x2x5,0.9810724865781636,0.0017625375065601,0.9789394208217108,0.9841272991220488,24x23x24x24x23,0.5977776516364093,0.0523451874316807,0.5365351249677875,0.6785025526131009,13x21x8x24x17,0.981371180292362,0.0017342733401131,0.9792579002725814,0.9843621134842544,24x23x24x24x23,0.5970797542539265,0.0542105180781203,0.5347344361783621,0.6801235820749172,13x21x8x24x17,0.0035395741743045,0.0006058166034061,0.0026021737170469,0.0041027200193466,24x24x24x24x23,0.0496701449327944,0.0428986962497614,0.0,0.1048951106314218,2x2x6x0x1,0.98603240544345,0.0013335054664408,0.9842900298168398,0.9878213806325296,0x23x0x0x23,0.7783234665379171,0.073985176111753,0.677005337865663,0.8583509457581899,12x21x14x24x17,0.9964604258256956,0.0006058166034061,0.9958972799806534,0.997397826282953,24x24x24x24x23,0.9503298550672056,0.0428986962497614,0.8951048893685782,1.0,2x2x6x0x1,0.9907306256269004,0.0008674916010404,0.98966408245976,0.9922199559800418,23.0x23.0x24.0x24.0x24.0,0.7855729431119649,0.0356616658093598,0.7438307780258967,0.8358208918888128,17.0x21.0x13.0x8.0x24.0,0.9905399545302924,0.0008811423402708,0.9894728691721336,0.9920665483635166,24x23x24x24x23,0.7996125914171353,0.0255174743991194,0.7692708315754619,0.839213705355031,13x21x8x24x17,328000.0,150.0,327825,328225,24x24x24x24x24,0.9811393586971034,0.9790222536153156,0.9841736822809204,0.0017507725367665,23.0x23.0x24.0x24.0x24.0,0.600359517609843,0.5396775970661122,0.6794005953511949,0.0505092858838049,17.0x21.0x13.0x8.0x24.0
M+_mpf_PTx8_RtdXall_ProgPos_AW1e5D1e4_0193x0211x0094_24,0.1895509392023086,0.0189913656688278,0.1692001968622207,0.2256752699613571,9x9x9x9x9,4.277090358734131,0.0116405634205697,4.260000228881836,4.292652606964111,0x0x0x0x0,0.1440580070018768,0.0210534875029325,0.1068322956562042,0.1706102043390274,5x4x4x4x5,10.641530990600586,0.1350255647143687,10.397260665893556,10.813750267028809,9x9x9x9x9,11.536014938354493,0.0160681726968086,11.522388458251951,11.565543174743652,0x0x0x0x0,0.9520730137825012,0.0077421306675113,0.9381495118141174,0.9612056612968444,9x9x9x9x9,0.940646719932556,0.0088342932701079,0.9253897666931152,0.9519725441932678,9x9x9x9x9,0.5244490206241608,0.1232723218645515,0.3894919455051422,0.7373758554458618,6x8x6x6x4,2.132208299636841,0.0278804704487996,2.09756088256836,2.165289163589477,0x0x0x0x0,0.8275124669075012,0.3147179282355444,0.427419364452362,1.3658536672592163,6x8x9x6x2,11.934807014465331,0.839949202367824,10.943089485168455,13.113821029663086,3x8x9x6x2,13.289100646972656,0.4096495424756781,12.620967864990234,13.821138381958008,0x0x1x0x0,0.8635550975799561,0.0554274794080784,0.7826018929481506,0.9289348125457764,3x8x9x6x2,0.8133540868759155,0.073328449818627,0.7075398564338684,0.9041556119918824,3x8x8x6x3,0.8342066100971982,0.0185757009794129,0.8000560699008629,0.8567273024525399,9x9x9x9x9,0.4258023136182217,0.0540118965800436,0.3465644989759551,0.5072547272925632,3x5x8x6x4,0.8961824842392332,0.0136666656112999,0.8706038359735706,0.9118473086899872,9x9x9x9x9,0.593202814264794,0.041237284355736,0.5417327951573194,0.6435759426618857,4x3x6x4x5,0.200431092883984,0.0183265167528577,0.1771289592871212,0.2334313578763647,9x9x9x9x9,0.5622922913191921,0.0660104868834836,0.4915254110921494,0.6566371604708967,3x8x9x6x4,0.997675551454546,0.0007333953634484,0.99681712949058,0.9985469339912946,0x0x0x0x0,0.9984962407268524,0.0030075185462951,0.9924812036342622,1.0,0x0x0x0x0,0.799568907116016,0.0183265167528577,0.7665686421236353,0.8228710407128788,9x9x9x9x9,0.4377077086808079,0.0660104868834835,0.3433628395291033,0.5084745889078506,3x8x9x6x4,0.8833841757448353,0.0124659635650507,0.8604798733607361,0.8985122175436782,9.0x9.0x9.0x9.0x9.0,0.5220872962205684,0.0410441698993458,0.4669073503207704,0.5844155810704259,6.0x8.0x3.0x5.0x4.0,0.9300256424324422,0.0084964121227466,0.9143880984137136,0.9402985066701816,9x9x9x9x9,0.8325236269808542,0.0373375619476763,0.7769857503562425,0.8697650662049605,3x8x9x6x2,131200.0,60.0,131130,131290,9x9x9x9x9,0.8437266251676572,0.8126787191709933,0.864033527153113,0.0168475730997016,9.0x9.0x9.0x9.0x9.0,0.4513823542690452,0.3867845561876828,0.515399899914095,0.0472339592854469,6.0x6.0x3.0x5.0x5.0
C+_mpf_PTx8_RtdXall_NoWght_AW2e5D4e3_blos_24,0.1333242565393448,0.0101072675432044,0.1251762956380844,0.1531122326850891,9x9x9x9x9,8.078026580810548,0.0260601666272535,8.046797752380371,8.111662864685059,0x0x0x0x0,1.1748619556427002,0.0586660498812871,1.102216720581055,1.27667498588562,2x2x2x2x2,7.579886817932129,0.0280319625655133,7.539702415466309,7.610837459564209,9x9x9x9x9,5.799975204467773,0.2990783088956935,5.288177490234375,6.224565982818604,0x0x0x0x0,0.9874451994895936,0.0016641867865961,0.9842662811279296,0.9889090061187744,9x9x9x9x9,0.9872442126274108,0.001670146083422,0.984034538269043,0.9886198043823242,9x9x9x9x9,0.5104948997497558,0.0486949420655563,0.4287720322608948,0.5675729513168335,4x1x3x2x6,6.192565727233887,1.2186271161295996,4.739837169647217,7.629032135009766,9x9x0x4x0,5.501461362838745,1.658425367772995,2.4719998836517334,7.375,1x3x3x0x1,8.057710075378418,0.2913685154448338,7.48799991607666,8.282258033752441,0x3x3x0x2,4.111198377609253,3.4563439854255384,0.8536585569381714,8.370967864990234,9x9x0x4x0,0.867186963558197,0.0195182053755698,0.8397156596183777,0.8967403769493103,4x9x5x4x6,0.8541654467582702,0.0201810932514329,0.8358240127563477,0.8911527991294861,4x9x3x2x6,0.9131333453926718,0.0090764847428126,0.8959292416408244,0.9206417071350846,9x9x9x9x9,0.581298623552518,0.0705630135732426,0.4813868940037105,0.6656044891334199,9x9x6x4x8,0.9139976451089978,0.0089851411784679,0.8970166091821059,0.9215976926204724,9x9x9x9x9,0.5795577701900729,0.0724217731587967,0.4790811287535597,0.6671712131250576,9x9x6x4x8,0.0257963500700151,0.0031853896927235,0.0218204477511554,0.03031738553609,9x9x9x9x9,0.0771522944184291,0.0520056460246888,0.0,0.1364864908539743,0x4x3x0x2,0.9844096976789996,0.0025932941888565,0.9821779186840672,0.9889577982464868,0x0x0x0x0,0.809682062493458,0.1628756759948864,0.6235294091817754,1.0,9x9x0x4x0,0.9742036499299848,0.0031853896927235,0.96968261446391,0.9781795522488446,9x9x9x9x9,0.9228477055815708,0.0520056460246888,0.8635135091460256,1.0,0x4x3x0x2,0.9569134394232476,0.004585542900593,0.9481973280128512,0.9607347891426647,9.0x9.0x9.0x9.0x9.0,0.7707550564036428,0.0486227997088269,0.7110332672341814,0.8295687924592722,8.0x6.0x4.0x9.0x9.0,0.9565554241478562,0.0045442998424088,0.9479401035379276,0.9603125492480988,9x9x9x9x9,0.7918496170463276,0.0344540484555285,0.7421875,0.8327455957705145,9x9x6x4x8,131200.0,60.0,131130,131290,9x9x9x9x9,0.9137285487235646,0.8968181682080836,0.9212403196918733,0.0089489534114412,9.0x9.0x9.0x9.0x9.0,0.5899679552615519,0.5053072305926173,0.6665193020459956,0.0615195608659345,8.0x6.0x4.0x9.0x4.0
C+_mpf_PTx8_Ptrd_ProgPos_AW1e4D1e4_blos_24,0.1838903844356537,0.010981279881026,0.1630949974060058,0.1956876367330551,24x24x23x24x23,8.199518775939941,0.0092138990392889,8.188424110412598,8.212871551513672,0x3x0x0x1,0.2777252256870269,0.0367196291286105,0.2344913184642791,0.3391089141368866,22x23x23x24x24,3.884025526046753,0.4023455593344598,3.5297765731811523,4.633005142211914,23x24x23x24x24,7.745149040222168,0.0425083147252739,7.663793087005615,7.783415794372559,0x0x0x0x0,0.7924671530723572,0.021758399084904,0.7755052447319031,0.8346849679946899,24x24x24x24x24,0.7841239213943482,0.0195251803779514,0.7663341164588928,0.822142481803894,24x24x23x24x23,0.5501112341880798,0.0293224917617116,0.4937503337860107,0.5750526785850525,12x24x23x24x23,7.24642276763916,0.7455516877462036,5.758333206176758,7.6991868019104,0x1x1x1x0,1.842764914035797,1.6611176241050918,0.3225806355476379,4.925000190734863,21x23x23x24x21,6.120895767211914,1.0753709736620958,5.056000232696533,7.949999809265137,21x23x23x24x21,7.734653949737549,1.1065954817185013,5.525000095367432,8.365853309631348,0x0x0x0x0,0.814408826828003,0.0208176359892356,0.7860081195831299,0.8498293161392212,12x24x23x24x23,0.7943395256996155,0.0221379699849058,0.7667374610900879,0.8323518633842468,12x24x23x24x23,0.4716913975397386,0.0528169248009856,0.4311690482466941,0.5705482824332524,24x24x23x24x24,0.5296992507729923,0.0550176533479233,0.4476603044189729,0.592146160899558,12x13x23x17x23,0.4661023206051085,0.0530524294828218,0.4252705322113446,0.5654076136126953,24x24x23x24x24,0.5348508947675882,0.0585680249856538,0.4445096152285723,0.6013556666664697,12x13x23x17x23,0.3287246884600322,0.0234354812596757,0.2846068566003109,0.3474378495635438,24x24x23x24x24,0.2473642794601478,0.0810366230575816,0.0960000019836425,0.3161592543993963,21x21x23x23x21,0.999216340748142,0.0006116112366429,0.9980448187363776,0.9996992933616016,0x3x0x0x1,0.947335880708324,0.1021723661677921,0.7430107477097473,1.0,0x1x1x1x0,0.6712753115399678,0.0234354812596757,0.6525621504364563,0.7153931433996892,24x24x23x24x24,0.7526357205398523,0.0810366230575816,0.6838407456006037,0.9039999980163574,21x21x23x23x21,0.7923014581649099,0.0167824414416871,0.7801219496888889,0.8239270520616225,24.0x24.0x24.0x23.0x24.0,0.7756505795594589,0.0431485731842597,0.6940133094661003,0.8156474804872335,23.0x11.0x4.0x24.0x14.0,0.7392515647797551,0.0256713745768244,0.7196834492482193,0.7873372970318596,24x24x23x24x24,0.7634939031374601,0.0261532481322007,0.7260416692045206,0.7933467776822526,12x13x23x23x21,328000.0,150.0,327825,328225,24x24x24x24x24,0.5310919081404769,0.4966677443531734,0.6141412846731104,0.0443199283245586,24.0x24.0x24.0x23.0x24.0,0.5560496005499577,0.4611517230189089,0.6273470734565949,0.058859374279003,23.0x11.0x13.0x19.0x14.0
M+_mpf_PTx8_RtdXall_LowC2_AW6e6D4e3_b_blos_24,0.4285557091236114,0.0175864408145253,0.4020781815052032,0.4573251903057098,8x8x8x8x8,4.301743888854981,0.0107408729525793,4.290640354156494,4.31930685043335,0x0x0x0x0,0.1916154623031616,0.0201805805114209,0.1637931019067764,0.220297023653984,6x6x7x8x6,8.819560241699218,0.162742125189114,8.562034606933594,9.05831241607666,8x8x8x8x8,11.578966522216795,0.030337805341846,11.532177925109863,11.625309944152832,0x0x0x0x0,0.8191415309906006,0.0122959258156407,0.8007007241249084,0.8391282558441162,8x8x8x8x8,0.796020793914795,0.0122057966465251,0.7790204286575317,0.8165587186813354,8x8x8x8x8,0.554419881105423,0.0608457638410358,0.4708870351314544,0.658818781375885,5x6x6x8x8,2.130510807037353,0.0504238501528406,2.056910514831543,2.2083332538604736,0x0x0x0x1,1.0774208188056946,0.3118078962256447,0.656000018119812,1.524193525314331,4x6x7x8x5,11.974017143249512,0.6777801806573164,10.880000114440918,12.919354438781738,5x6x7x8x6,12.767494773864746,0.8328605144235754,11.284552574157717,13.791666984558104,0x0x0x0x1,0.8514104008674621,0.0341035130208586,0.7976900935173035,0.901219606399536,5x6x7x8x5,0.7931664824485779,0.0453146608303031,0.7250838875770569,0.8622769713401794,4x6x7x8x5,0.5962304489279463,0.0191557473607864,0.5657120011097005,0.6262020597776334,8x8x8x8x8,0.3307720912418264,0.0421777445149279,0.2953409204244562,0.4093481974095558,5x8x5x4x3,0.7130835506670099,0.01686251870742,0.6864384370876464,0.7395136209420214,8x8x8x8x8,0.4905234184757212,0.0421519247057464,0.4136448673558295,0.5292135231938078,6x8x4x4x2,0.4090900614510254,0.0141022281156001,0.3872090822351259,0.4313422722009064,8x8x8x8x8,0.624929215786928,0.0347410288373024,0.5761421327169015,0.6611418027161442,5x6x7x8x6,0.998334324804454,0.0006135228774531,0.9976998274048214,0.9994244604068054,0x0x0x0x0,0.988612206081256,0.0118366549445031,0.9693486593266998,1.0,0x0x0x0x1,0.5909099385489746,0.0141022281156001,0.5686577277990935,0.612790917764874,8x8x8x8x8,0.375070784213072,0.0347410288373024,0.3388581972838558,0.4238578672830985,5x6x7x8x6,0.730890241388054,0.011661699837648,0.7123965055662581,0.7492717956686336,8.0x8.0x8.0x8.0x8.0,0.4477168541057543,0.0352771310266219,0.4032258033752441,0.5068285270517049,4.0x5.0x5.0x8.0x3.0,0.8097385456067073,0.010769031618252,0.7924586800315011,0.8262827004103683,8x8x8x8x8,0.8173493598287056,0.0243366526241622,0.7778337549298446,0.8477822539749584,5x6x7x8x6,118080.0,54.0,118017,118161,8x8x8x8x8,0.6379945277832466,0.6120490790049273,0.6638668410716946,0.0164062848727581,8.0x8.0x8.0x8.0x8.0,0.3661454534326541,0.3275089535440176,0.4210838947604321,0.0356862361022594,4.0x5.0x5.0x8.0x2.0
M+_mpf_PTx8_RtdXall_LowC2_AW1e5D1e4_blos_24,0.2891921401023865,0.0149300930701607,0.2659164071083069,0.3065854012966156,8x8x8x8x8,4.300249767303467,0.007454268722787,4.291563510894775,4.313118934631348,0x0x0x0x0,0.2155944287776947,0.0249260292240714,0.1782178282737732,0.2487623691558838,5x5x5x5x4,9.94468650817871,0.0998458091676953,9.819307327270508,10.122828483581545,8x8x8x8x8,11.53676986694336,0.0532886126894422,11.472772598266602,11.620689392089844,0x0x0x0x0,0.9094053506851196,0.0079313055340407,0.9020646214485168,0.9232625961303712,8x8x8x8x8,0.8920930743217468,0.0096692134664253,0.8837090730667114,0.9088435173034668,8x8x8x8x8,0.514465206861496,0.0847748060244617,0.4591314792633056,0.6828687787055969,8x3x3x8x7,2.145157480239868,0.0367527840041761,2.1040000915527344,2.2083332538604736,0x0x0x0x0,1.318174624443054,0.3884761815343306,0.6480000019073486,1.7073171138763428,8x3x4x3x7,12.342357444763184,0.958772173628884,10.543999671936035,13.170731544494627,8x3x4x3x7,12.183506202697751,1.510528912539466,10.336000442504885,13.846774101257324,0x0x0x0x0,0.8702735424041748,0.0510324100180529,0.7713522911071777,0.9135404229164124,8x3x4x3x7,0.8203855156898499,0.0645602105030775,0.6979587078094482,0.8852301836013794,8x3x4x3x7,0.7337945173221578,0.0138426469441344,0.7155372019954372,0.7577595458922604,8x8x8x8x8,0.3437294454799764,0.0324160852206133,0.306421029868428,0.3991438147636212,4x6x4x5x8,0.8196893902950728,0.0103903566755403,0.8055869819613644,0.8372846235380635,8x8x8x8x8,0.4850379135405924,0.0418926357752308,0.4060404310299033,0.5293279549626038,7x5x1x5x1,0.2936668477399103,0.012733202615258,0.2715274807097679,0.3098272873885891,8x8x8x8x8,0.6103732296123762,0.0401147245122085,0.5726027498193342,0.6843003347879003,4x3x4x6x7,0.9979895718485704,0.0011179025749444,0.9965684873190503,0.99942676984637,0x0x0x0x0,0.99547995022169,0.0043779635798256,0.9887218048995704,1.0,0x0x0x0x0,0.7063331522600896,0.012733202615258,0.6901727126114109,0.728472519290232,8x8x8x8x8,0.3896267703876239,0.0401147245122085,0.3156996652120997,0.4273972501806657,4x3x4x6x7,0.8167856794068425,0.0090154026891687,0.8048429747352558,0.8322827807053376,8.0x8.0x8.0x8.0x8.0,0.4543355862070223,0.024363919240678,0.4308131325010827,0.4952380826954396,8.0x4.0x5.0x5.0x4.0,0.8828720966100831,0.0067725346192297,0.8739840624586024,0.8946673900786599,8x8x8x8x8,0.8263504783507287,0.0352873098102139,0.7571788391315042,0.8535841381698506,4x3x4x3x7,118080.0,54.0,118017,118161,8x8x8x8x8,0.7535723426738763,0.7374909131874858,0.7743389053305306,0.0120658562282192,8.0x8.0x8.0x8.0x8.0,0.3663413914189381,0.3451944297874464,0.4064654765305289,0.0242455687629376,1.0x4.0x6.0x5.0x4.0
M+_mpf_PTx8_RtdXall_LowC_AW1e5D1e4_hOpt_blos_24,0.3583543300628662,0.0161379053295739,0.3395628929138183,0.3879317343235016,8x8x8x8x8,4.296781826019287,0.0131028842045571,4.284119129180908,4.321782112121582,0x0x0x0x0,0.3267979085445404,0.0346330703910184,0.2672413885593414,0.3725247383117676,4x3x3x3x3,10.074940299987793,0.1174254735797104,9.965346336364746,10.285359382629396,8x8x8x8x8,11.470454597473145,0.0425802214588881,11.410670280456545,11.523399353027344,0x0x0x0x0,0.9158753871917724,0.0061959212097153,0.9081602096557616,0.9259492754936218,8x8x8x8x8,0.8974020957946778,0.0071235333280249,0.8886350989341736,0.9083114266395568,8x8x8x8x8,0.5774158596992492,0.2160433424074888,0.4347535967826843,1.0055506229400637,7x7x4x6x5,2.08020133972168,0.0872783376652403,1.9083333015441888,2.145161390304565,0x0x0x0x0,1.2307765364646912,0.3760887688361645,0.5600000023841858,1.6829267740249634,3x1x7x8x5,12.368067169189452,0.9746613149714188,10.496000289916992,13.260162353515623,3x5x7x4x5,12.22807502746582,2.3408992354541915,7.796748161315918,13.861788749694824,0x0x0x0x0,0.8616311311721802,0.0695850338836915,0.7283143997192383,0.920698344707489,3x5x7x4x7,0.8092528820037842,0.0870983259722777,0.649246096611023,0.8944152593612671,3x5x7x4x7,0.7409496434162148,0.0156772346636184,0.7234791359447449,0.7691723962877779,8x8x8x8x8,0.3495486612759931,0.0506427941389644,0.2986606651392313,0.4465845052033794,3x8x7x3x7,0.8174490607276855,0.0117175972104027,0.8008644469314765,0.8373632276555012,8x8x8x8x8,0.4801406302579701,0.0655459902267335,0.4060404310299033,0.5628530605932935,2x8x3x3x2,0.2804525355838685,0.0151114272590377,0.2529822126357233,0.2935996509766775,8x8x8x8x8,0.5765015052836594,0.08170859039351,0.4349775908447776,0.6749585491952693,3x5x7x4x7,0.997181774565607,0.0012318226576838,0.995387719865482,0.9985702030050788,0x0x0x0x0,0.9660886142751832,0.0526142143528029,0.8641509367758458,1.0,0x0x0x0x0,0.7195474644161315,0.0151114272590377,0.7064003490233224,0.7470177873642767,8x8x8x8x8,0.4234984947163406,0.08170859039351,0.3250414508047307,0.5650224091552223,3x5x7x4x7,0.8206170738337277,0.0102469160928079,0.8087042090755752,0.8389787703089797,8.0x8.0x8.0x8.0x8.0,0.4596658372588242,0.036135184995019,0.4137086954018223,0.5228070274504489,2.0x7.0x3.0x8.0x4.0,0.8874118384830106,0.0075796003785457,0.8795572445717762,0.901109989345686,8x8x8x8x8,0.8331877680928169,0.0402376855651503,0.7596977346425661,0.8770833364455028,3x5x7x4x5,118080.0,54.0,118017,118161,8x8x8x8x8,0.7567909095309842,0.7398734448902172,0.7814366107936188,0.0138535651807328,8.0x8.0x8.0x8.0x8.0,0.3796909666369453,0.3141880431340433,0.448766352984547,0.0463742562731711,2.0x3.0x3.0x8.0x3.0
M+_mpf_PTx8_RtdXall_LowC2_AW1e5D1e4_tfix_blos_24,0.2812323212623596,0.0104122648837707,0.2666060626506805,0.2940123677253723,8x8x8x8x8,4.302235412597656,0.0102589176278989,4.293103218078613,4.320544719696045,0x0x0x0x0,0.2000295430421829,0.0172826565432641,0.1748768538236618,0.2264851480722427,7x3x4x5x4,9.978063774108886,0.0816934368573163,9.870049476623535,10.080645561218262,8x8x8x8x8,11.543799591064452,0.0420080211415086,11.49381160736084,11.60918140411377,0x0x0x0x0,0.91416654586792,0.0052913783121892,0.9072112441062928,0.9216364622116088,8x8x8x8x8,0.8974849700927734,0.0061499790292258,0.8884857892990112,0.905980944633484,8x8x8x8x8,0.5548809587955474,0.1237787040542617,0.4440564811229706,0.7801886796951294,6x5x7x5x8,2.090889549255371,0.0678142731718225,1.9674797058105469,2.170731782913208,0x0x1x0x0,1.1908390045166015,0.3002463898780582,0.7919999957084656,1.5609755516052246,6x2x7x7x8,12.090155792236327,0.7994098239573568,10.847999572753906,12.780488014221191,5x2x7x7x5,12.04167709350586,1.7179731579798785,8.869918823242188,13.780488014221191,0x0x0x0x0,0.8595888376235962,0.0546134069380978,0.7671880125999451,0.9078955054283142,5x2x7x5x5,0.8106449365615844,0.0706162914226832,0.6922376751899719,0.8712760210037231,5x2x7x5x5,0.7387751772637239,0.0125201547805957,0.723560316177248,0.7543655927794983,8x8x8x8x8,0.3388172446014798,0.0422821185981544,0.29352899079808,0.4071259006474103,5x4x7x8x7,0.8237601481601186,0.00957096082894,0.8125174218762936,0.8365556651388362,8x8x8x8x8,0.4787071177959108,0.0199198640491673,0.4523318579263033,0.5010344161667528,2x4x4x3x3,0.2894653594490438,0.0112603853254203,0.276253739008458,0.3033940412119978,8x8x8x8x8,0.6100122943053125,0.0599181912458541,0.5148148006863065,0.6849056691833134,5x5x7x7x4,0.998448559143908,0.0004681595711446,0.9979821273944044,0.9991401547138072,0x0x0x0x0,0.9703604593320762,0.0294995985080713,0.927203065456968,1.0,0x0x1x0x0,0.7105346405509562,0.0112603853254203,0.6966059587880022,0.723746260991542,8x8x8x8x8,0.3899877056946875,0.0599181912458541,0.3150943308166865,0.4851851993136936,5x5x7x7x4,0.8200413194039852,0.0082726106714389,0.8101083019707412,0.8302397127877748,8.0x8.0x8.0x8.0x8.0,0.4533374552688035,0.0291482970953021,0.4245689608280986,0.5023401025165664,3.0x8.0x6.0x2.0x4.0,0.885286209666682,0.00600998055367,0.8778543220680208,0.8928044759957606,8x8x8x8x8,0.819542156437317,0.0343961897078784,0.7672543993831025,0.8578125004307366,5x3x7x7x5,118080.0,54.0,118017,118161,8x8x8x8x8,0.7580308241958853,0.7448164931298277,0.7720671644650534,0.0110549497942421,8.0x8.0x8.0x8.0x8.0,0.367269757893636,0.3331127993368226,0.4151481126476719,0.0288716018614037,3.0x3.0x4.0x2.0x4.0
M+_mpf_PTx8_RtdXall_LowC2_AW6e6D1e3_hOpt_blos_24,0.5612468838691711,0.01010940063429,0.5464473962783813,0.5739330053329468,8x8x8x8x8,4.295550441741943,0.011895262822583,4.284653663635254,4.316831588745117,0x0x0x0x0,0.3379482507705688,0.03442945310098,0.2758620679378509,0.3725247383117676,6x6x5x6x7,9.308613967895509,0.1149764369218018,9.13242530822754,9.433002471923828,8x8x8x8x8,11.559603881835937,0.0242399021679504,11.528465270996094,11.602216720581056,0x0x0x0x0,0.8434402108192444,0.006401526566601,0.8344647884368896,0.8511235117912292,8x8x8x8x8,0.8154808163642884,0.0064665664975137,0.8075807094573975,0.8222767114639282,8x8x8x8x8,0.5839001774787903,0.1219159700404706,0.5102546811103821,0.8265422582626343,5x8x5x7x7,2.1532094955444334,0.0309974808924283,2.121951103210449,2.2083332538604736,0x1x0x0x0,1.134387081861496,0.3629473910758449,0.4799999892711639,1.4919354915618896,5x5x5x4x5,12.096848487854004,0.8959167300045996,10.32800006866455,12.78225803375244,5x8x5x7x4,13.814673614501952,0.0413341329395959,13.751999855041504,13.869918823242188,0x1x0x1x0,0.8479619264602661,0.0604976573622083,0.7287141680717468,0.8912662863731384,5x8x5x7x5,0.7902839303016662,0.0701888177863267,0.6523146629333496,0.84175044298172,4x8x5x7x5,0.6326464225839149,0.0099632590281987,0.6159726837781265,0.6464611486805645,8x8x8x8x8,0.3386032709289796,0.0355592609182028,0.2878270566692434,0.3989705931277041,6x7x5x5x8,0.7289180349927566,0.0078898658780878,0.716814975502333,0.739019269969702,8x8x8x8x8,0.4762324655105846,0.0510931320333612,0.385773820190239,0.5348996414913505,7x4x7x2x2,0.3711701896361262,0.0095531863124641,0.3591828679643153,0.3855557615510419,8x8x8x8x8,0.6144110238900222,0.0398336339549973,0.5537974851155507,0.6750788656878907,5x8x5x7x4,0.99689646192322,0.0009384668735343,0.995399655258542,0.9979936945459832,0x0x0x0x0,0.99925093638615,0.0014981272276997,0.9962546819307504,1.0,0x1x0x0x0,0.6288298103638738,0.0095531863124641,0.6144442384489581,0.6408171320356847,8x8x8x8x8,0.3855889761099777,0.0398336339549973,0.3249211343121093,0.4462025148844493,5x8x5x7x4,0.7508958619418811,0.0058103775278559,0.7413206291906876,0.759252726711175,8.0x8.0x8.0x8.0x8.0,0.4464886281661145,0.0313368131930661,0.3980464035778315,0.4935064938080856,5.0x5.0x6.0x7.0x2.0,0.8333064768970615,0.0058533448394569,0.8236113231931421,0.840953195691096,8x8x8x8x8,0.8219442962433365,0.03418745332333,0.7541561717091423,0.8442708293558098,5x8x5x7x4,118080.0,54.0,118017,118161,8x8x8x8x8,0.6604169074388646,0.6471285849839425,0.6716729529066473,0.0080212340603261,8.0x8.0x8.0x8.0x8.0,0.3554764530474711,0.2931586848351467,0.408231072834663,0.0398332863628903,5.0x7.0x7.0x7.0x2.0
M+_mpf_PTx8_RtdXall_LowC2_AW8e6D1e3_blos_24,0.3396098852157593,0.0122882111444648,0.3193313181400299,0.3571322560310364,8x8x8x8x8,4.301005744934082,0.0120018657265524,4.285714149475098,4.320544719696045,0x0x0x0x0,0.1988145560026168,0.0248419750881853,0.1625615805387497,0.2282878458499908,5x7x4x3x5,9.546112632751464,0.1129592433353323,9.405707359313965,9.722084045410156,8x8x8x8x8,11.569540977478027,0.0280504253109774,11.53473949432373,11.612903594970703,0x0x0x0x0,0.8801133751869201,0.0086184693184156,0.8706777095794678,0.894763708114624,8x8x8x8x8,0.8593782544136047,0.0092783786791394,0.8502869606018066,0.8753716349601746,8x8x8x8x8,0.5781733632087708,0.1296966603014211,0.4542328715324402,0.8151858448982239,5x7x7x7x8,2.146705436706543,0.0424389084669483,2.081300735473633,2.2083332538604736,0x1x0x0x0,1.070220708847046,0.3568556858191253,0.6159999966621399,1.5322580337524414,4x5x7x7x8,11.842943000793458,1.1056613834146536,10.119999885559082,13.130081176757812,3x5x7x8x8,13.361247062683104,0.7602962727991978,11.845528602600098,13.813008308410645,0x0x0x0x0,0.8342950105667114,0.0681351280688987,0.716678261756897,0.9062483310699464,3x5x7x7x8,0.7773198008537292,0.0805900233611121,0.6454566121101379,0.8699272871017456,3x5x7x7x8,0.6834733636310018,0.0132611424338135,0.6654635849604261,0.7047117598171175,8x8x8x8x8,0.3366835974084089,0.0556044794905461,0.2734538807945347,0.423543408612962,3x6x7x6x7,0.7828092030461298,0.00984037228413,0.7684554664912013,0.798361741782613,8x8x8x8x8,0.474263102065272,0.0473950846509504,0.414439902342488,0.5315950632735149,7x2x5x4x2,0.3389150805602624,0.0117375505894708,0.3201460612746704,0.3538609974369665,8x8x8x8x8,0.6136813320210504,0.0688824529496846,0.5170454590423571,0.706065321917576,3x5x7x8x8,0.9981621750122722,0.0005617290406495,0.9974204643059864,0.9991366906716008,0x0x0x0x0,0.9961685823754788,0.0076628352490421,0.9808429118773946,1.0,0x1x0x0x0,0.6610849194397377,0.0117375505894708,0.6461390025630335,0.6798539387253296,8x8x8x8x8,0.3863186679789496,0.0688824529496846,0.293934678082424,0.4829545409576429,3x5x7x8x8,0.7847738717961249,0.0082546756451398,0.773425770354212,0.7980471635060795,8.0x8.0x8.0x8.0x8.0,0.4471215542157091,0.0432901253773613,0.3895424975270905,0.515200008276367,3.0x3.0x6.0x6.0x7.0,0.8572031731042735,0.0070110949098713,0.8478547634274294,0.8683536441993566,8x8x8x8x8,0.8119166082038675,0.0473400188880683,0.7324937018102025,0.864260296140516,3x5x7x8x8,118080.0,54.0,118017,118161,8x8x8x8x8,0.7110018761024238,0.6955355044225691,0.7286463036662557,0.0110038313559486,8.0x8.0x8.0x8.0x8.0,0.3611912561827205,0.2966584896493278,0.4306353598220432,0.0462497199855985,2.0x3.0x6.0x4.0x5.0
M+_mpf_Persistant_24,8.391045475006104,0.4708497586910862,7.520598888397217,8.82186222076416,0x0x0x0x0,4.884989547729492,0.1399955544487577,4.680487632751465,5.11951208114624,0x0x0x0x0,3.6920040607452393,0.1381989565714547,3.4560976028442383,3.8878049850463854,0x0x0x0x0,21.97862854003906,0.0626178107407075,21.897809982299805,22.06341552734375,0x0x0x0x0,1.4034680366516112,0.0406973299653909,1.3390244245529177,1.459854006767273,0x0x0x0x0,0.8463188648223877,0.0033812699219041,0.8425233364105225,0.8526803255081177,0x0x0x0x0,0.8136628270149231,0.0037883218219427,0.8094204068183899,0.8207942247390747,0x0x0x0x0,1.864911770820617,0.1372122765662939,1.7442479133605957,2.1329214572906494,0x0x0x0x0,1.1648000121116635,0.1228566667349369,0.9679999947547911,1.3519999980926514,0x0x0x0x0,0.979200005531311,0.1228566653376838,0.7919999957084656,1.1759999990463257,0x0x0x0x0,12.87840003967285,0.089141502734768,12.760000228881836,12.991999626159668,0x0x0x0x0,0.9648000121116638,0.0955455959932064,0.8320000171661377,1.0880000591278076,0x0x0x0x0,0.8784050822257996,0.0089464493625414,0.8609304428100586,0.8862725496292114,0x0x0x0x0,0.850216293334961,0.0102916111937039,0.8301258087158203,0.8593126535415649,0x0x0x0x0,0.5564517735883576,0.0138007396497562,0.5399442176418452,0.58199213457323,0x0x0x0x0,0.4740786840814966,0.0464338933798006,0.385540599814574,0.5215984082309706,0x0x0x0x0,0.5095175459303052,0.0156754336728127,0.4890394447910808,0.537579263366589,0x0x0x0x0,0.4735920107245501,0.0566492113255495,0.3758137402963579,0.5520297110857495,0x0x0x0x0,0.2232274973026757,0.0054638726590435,0.213563134242145,0.2297090331825511,0x0x0x0x0,0.4533831866647055,0.0348242372646925,0.4176706947477954,0.5198412659695584,0x0x0x0x0,0.5695422967056712,0.0162080443088251,0.5462567446668742,0.5969852021954413,0x0x0x0x0,0.5432835832306246,0.0573025495594159,0.4514925361723604,0.6305970158589779,0x0x0x0x0,0.7767725026973242,0.0054638726590435,0.7702909668174489,0.786436865757855,0x0x0x0x0,0.5466168133352944,0.0348242372646925,0.4801587340304415,0.5823293052522045,0x0x0x0x0,0.6571065547096572,0.0119912631189452,0.6416986979185287,0.67873887831353,0.0x0.0x0.0x0.0x0.0,0.5441339752608579,0.0418215330479513,0.4653846165969879,0.5898778285534045,0.0x0.0x0.0x0.0x0.0,0.840561615875502,0.0040979724889504,0.8365120536977033,0.8484478691416985,0x0x0x0x0,0.878405083777045,0.0089464375749594,0.8609304680778573,0.8862725397285516,0x0x0x0x0,328000.0,150.0,327825,328225,24x24x24x24x24,0.5678758412464837,0.5540667212707333,0.5914571708676493,0.0124864826381647,0.0x0.0x0.0x0.0x0.0,0.4745602992882787,0.3857819149880921,0.5230843855715425,0.0466958461348422,0.0x0.0x0.0x0.0x0.0
M+_mpf_PTx8_RtdXall_ProgPos_AW2e5D4e3_blos_24,0.0152950923889874,0.0040953359606782,0.0109435245394706,0.0202890764921903,24x24x21x23x22,4.302241516113281,0.0110236253278904,4.288177490234375,4.321782112121582,0x0x0x0x0,0.4362089097499847,0.0398230667339306,0.3706896603107452,0.4739454090595245,5x4x5x5x4,11.593764114379884,0.0264855325376746,11.55831241607666,11.623762130737305,24x21x21x23x22,11.533660888671877,0.0085473558246219,11.524813652038574,11.545791625976562,0x0x0x0x0,0.998474407196045,0.0006937234738487,0.9976325631141664,0.999308705329895,24x24x20x23x22,0.9979904174804688,0.00087177243747,0.9968636631965636,0.999102771282196,24x24x20x23x22,0.4756494581699371,0.0574227939795129,0.4078248739242553,0.5761042237281799,8x4x8x7x7,1.90406494140625,0.1471509621158588,1.7073171138763428,2.095999956130981,0x0x0x1x1,1.731684970855713,0.0718910985984476,1.6480000019073486,1.8373984098434448,14x1x24x15x15,13.248150634765626,0.238128540725627,12.880000114440918,13.57723617553711,14x1x24x15x15,8.07297887802124,2.9566350988038166,4.491935253143311,12.910569190979004,0x0x0x0x1,0.8952327370643616,0.0227016169689277,0.8563724756240845,0.9170963764190674,1x4x24x4x19,0.8541819810867309,0.0361288258523808,0.7960866689682007,0.8942418098449707,2x4x24x4x19,0.9819214997603332,0.0046084878467433,0.9764930742030112,0.9876458216909612,24x24x21x23x22,0.3477585647546193,0.0348309616153709,0.3087397409278455,0.4097261016683878,2x6x9x3x3,0.9864985130016456,0.0036450833697298,0.9815485993587414,0.9907845698823436,24x24x21x23x24,0.4717923418837688,0.0309796213790407,0.4207642035717132,0.5113809938233507,7x5x1x1x1,0.0199885394316597,0.0048532014108033,0.0139481918720278,0.0276445708464125,24x21x21x23x22,0.5376407640043577,0.0641016712422232,0.4675324508393468,0.6186770406582834,2x1x12x7x19,0.9984495689265758,0.0005322825404111,0.9979856115906076,0.9994234649858986,0x0x0x0x0,0.8840351667291675,0.0724730810159343,0.7865168560922273,0.9849624050015288,0x0x0x1x1,0.9800114605683404,0.0048532014108033,0.9723554291535874,0.9860518081279722,24x21x21x23x22,0.4623592359956422,0.0641016712422232,0.3813229593417165,0.5324675491606532,2x1x12x7x19,0.986832606236628,0.0033424753276161,0.982891359419672,0.9909884140053266,21.0x23.0x24.0x24.0x22.0,0.4488526015688711,0.0249125403762132,0.4188280609734944,0.4899999978542328,9.0x3.0x6.0x3.0x1.0,0.9928456046954705,0.0018368347167437,0.9906853991306808,0.9951234614973196,24x24x21x23x22,0.8580791117714892,0.0108646319893417,0.8413098257244837,0.8698525733198427,2x1x24x7x15,328000.0,150.0,327825,328225,24x24x24x24x24,0.9819743104647148,0.9766013092048264,0.9876690848822102,0.0045848666562918,21.0x23.0x24.0x24.0x22.0,0.3618597105003048,0.3358709913962184,0.4114328367951443,0.0268368962035887,1.0x3.0x6.0x2.0x1.0
M+_mpf_PTx8_RtdXall_LowC_AW6e6D1e3_blos_24,0.567628276348114,0.0168371697769788,0.5414059162139893,0.5906404852867126,8x8x8x8x8,4.29852180480957,0.011042909029657,4.289408683776856,4.31930685043335,0x0x0x0x0,0.3233399331569672,0.0297068893061623,0.2684729099273681,0.3490099012851715,7x6x6x6x5,9.261247634887695,0.141866035433274,9.039408683776855,9.449131965637209,8x8x8x8x8,11.575444984436036,0.0209150365547938,11.549628257751465,11.613300323486328,0x0x0x0x0,0.8400940895080566,0.010400755959623,0.822998046875,0.8548755049705505,8x8x8x8x8,0.8119712114334107,0.0116046875001199,0.7922515273094177,0.8277069330215454,8x8x8x8x8,0.5648167192935943,0.1017109747556522,0.4822665750980377,0.7614002823829651,8x8x4x7x8,2.1465835094451906,0.0246084762036219,2.113821029663086,2.183333396911621,2x0x1x1x0,1.1037244200706482,0.3394297571254939,0.5120000243186951,1.4390244483947754,8x5x4x7x8,11.92456398010254,0.9831863828567156,10.071999549865724,12.80487823486328,8x5x4x7x8,13.646117401123046,0.1924309513843744,13.303999900817873,13.854838371276855,0x0x0x2x0,0.8387369513511658,0.0690279599397544,0.7047022581100464,0.8879562616348267,8x5x4x7x8,0.7801997542381287,0.0771906400142345,0.6335686445236206,0.8425414562225342,8x5x7x7x8,0.6279870569506933,0.0145560751607766,0.6075037010966148,0.6497446796901817,8x8x8x8x8,0.3409403808675305,0.0421783300702416,0.302339969503774,0.4173582609247005,6x7x8x6x5,0.7258502333201855,0.0103498430375466,0.7149370114409139,0.7424180772044293,8x8x8x8x8,0.4716695448106202,0.0637299511671783,0.3955905148861931,0.5501453549335356,5x7x5x5x5,0.3754379217288351,0.0131850042768478,0.3570293797049704,0.3959558602808542,8x8x8x8x8,0.6215484700252294,0.0487855956181094,0.5484949847176881,0.6948640448021633,8x6x4x6x7,0.9975863041345476,0.0005052025928181,0.996837262868116,0.998280309446438,0x0x0x0x0,0.996220501938916,0.004133851101716,0.9886792454421628,1.0,2x0x1x1x0,0.6245620782711649,0.0131850042768478,0.6040441397191457,0.6429706202950296,8x8x8x8x8,0.3784515299747706,0.0487855956181094,0.3051359551978366,0.4515050152823119,8x6x4x6x7,0.7481353985177823,0.008803116513267,0.7360286878351299,0.7614344562329506,8.0x8.0x8.0x8.0x8.0,0.4543049500504107,0.0303834553143114,0.4213406332584172,0.5117004736588662,5.0x8.0x8.0x7.0x6.0,0.8306099336821507,0.0082303953114434,0.8184549085832405,0.8425056358753936,8x8x8x8x8,0.8129597841779829,0.0406746311851402,0.7360201403648123,0.8468749993015081,8x5x4x6x7,118080.0,54.0,118017,118161,8x8x8x8x8,0.6568168788877486,0.6423494865928221,0.6749057027842388,0.011585843308368,8.0x8.0x8.0x8.0x8.0,0.3665352966538976,0.3200707580281989,0.4265632945420419,0.0343808749296346,5.0x8.0x5.0x7.0x6.0
M+_mpf_PTx8_RtdXall_ProgPos_AW1e5D1e4_blos_24,0.0244563803076743,0.0020660938554461,0.0229383762925863,0.028547890484333,24x23x22x24x23,4.302734756469727,0.0086795540571862,4.290640354156494,4.316831588745117,0x0x0x0x0,0.3906171083450317,0.0185589033785385,0.3638613820075989,0.4121287167072296,7x7x6x7x6,11.551237869262696,0.0171596757530642,11.529776573181152,11.576732635498049,24x23x22x24x23,11.61458969116211,0.0161573538814108,11.597772598266602,11.635467529296877,0x0x0x0x0,0.997525990009308,0.0003498279685835,0.9969096779823304,0.9979185461997986,24x21x22x24x23,0.9968032717704772,0.000539893795494,0.9958948493003844,0.9974932670593262,24x21x23x21x23,0.514844012260437,0.083065686024144,0.4169756770133972,0.6685000658035278,13x10x19x15x9,2.107469892501831,0.0158140564618292,2.0799999237060547,2.125,1x0x0x0x1,1.5973321437835692,0.1648695239393991,1.3902438879013062,1.813008189201355,18x20x19x20x17,12.937210083007812,0.2261666816899454,12.62399959564209,13.325202941894531,20x20x19x20x24,13.02089500427246,0.5444588677903004,12.260162353515623,13.70161247253418,0x0x0x0x0,0.8767009615898133,0.0213153330212944,0.840214192867279,0.9042761921882628,20x7x19x12x6,0.8264554738998413,0.0367234458577345,0.7673640847206116,0.8794894814491272,20x7x19x12x6,0.9732831195849874,0.0029883614476065,0.9676808988285944,0.976112790741467,24x23x22x24x23,0.3197785574424736,0.0314684015635093,0.2821099002527311,0.3626511903093156,6x13x22x6x11,0.9797369334163236,0.0026601859873373,0.9744630314126126,0.9815521809526696,24x23x22x24x23,0.4623649769062833,0.040822128589515,0.3898568464876208,0.5062190144151646,3x6x5x3x2,0.0295233418471984,0.0036533547014748,0.0246458928261785,0.0341229563597093,24x23x22x24x23,0.5822764421949713,0.0280101284485792,0.5384615336414389,0.6157205297004866,20x13x19x15x6,0.998565315228898,0.0005973725703531,0.9974263653064528,0.9991374353046776,0x0x0x0x0,0.9781608359331496,0.0112402023490134,0.9622641498612188,0.9923371646702408,1x0x0x0x1,0.9704766581528016,0.0036533547014748,0.9658770436402908,0.9753541071738214,24x23x22x24x23,0.4177235578050286,0.0280101284485792,0.3842794702995133,0.4615384663585611,20x13x19x15x6,0.9805578900847032,0.002171659852066,0.976478973026938,0.982591323955144,22.0x24.0x23.0x24.0x23.0,0.4295355525580456,0.027660917431006,0.3894389393056713,0.4745762629674722,8.0x6.0x13.0x7.0x10.0,0.9894109812304466,0.0011875682367359,0.9871924237510208,0.99055654474779,24x23x22x24x23,0.8478160924098805,0.0073613730797788,0.8392947037773701,0.8596847962760777,20x20x19x15x6,328000.0,150.0,327825,328225,24x24x24x24x24,0.9733869134127529,0.9677909788203292,0.9761633873776022,0.0029709067982031,22.0x24.0x23.0x24.0x23.0,0.3460263109344392,0.3151614360335374,0.3873159715147709,0.0240616092888257,5.0x6.0x13.0x7.0x2.0
M+_mpf_PTx8_RtdXall_LowC2_AW1e5D1e4_hOpt_blos_24,0.2868584513664245,0.0156991200211967,0.2710350751876831,0.3139366805553436,8x8x8x8x8,4.301244068145752,0.0096156402102331,4.291563510894775,4.316831588745117,0x0x0x0x0,0.2220685213804245,0.0261202339699496,0.1834975332021713,0.2648514807224273,5x3x3x5x4,9.989113998413083,0.0839156413240596,9.89480209350586,10.1327543258667,8x8x8x8x8,11.557394409179688,0.0192210266568067,11.53225803375244,11.581280708312988,0x0x0x0x0,0.912452220916748,0.0065417866805664,0.9041183590888976,0.922325849533081,8x8x8x8x8,0.8959911108016968,0.0071851873833156,0.8873804211616516,0.9069159030914308,8x8x8x8x8,0.5306435763835907,0.0966024747014845,0.4708840548992157,0.7229268550872803,8x7x2x6x8,2.1301043033599854,0.0218444682288162,2.1048386096954346,2.170731782913208,0x0x0x0x0,1.1991738080978394,0.3720906363339168,0.6480000019073486,1.772357702255249,4x7x2x3x8,12.245121192932128,0.782327782690746,10.760000228881836,13.04878044128418,4x6x2x3x8,12.9311429977417,1.2922026474487316,10.370967864990234,13.821138381958008,0x0x0x0x0,0.8619227170944214,0.0538171360036709,0.7573016881942749,0.9099515080451964,4x7x2x3x8,0.8096279501914978,0.0683243295725152,0.6794192790985107,0.8793978095054626,4x7x2x3x8,0.736827616134746,0.0126644562209544,0.7165020620394457,0.7552515593196052,8x8x8x8x8,0.3434950427485082,0.0356520074751143,0.2964588012362706,0.3865627524913586,8x6x2x7x7,0.8198685343104885,0.0109623535405048,0.7999722431252896,0.8326573379291091,8x8x8x8x8,0.4607363006755047,0.0602983089805818,0.3722854805613922,0.5210511256398089,7x4x3x7x7,0.2891606443526098,0.0107095580809234,0.2713819364510585,0.3037177115399485,8x8x8x8x8,0.6089676222825442,0.0422106434967162,0.5547945435917563,0.6690518831228653,4x6x2x4x8,0.9982190812403692,0.0008409234458163,0.9971173250046736,0.9991401547138072,0x0x0x0x0,0.9886934314107174,0.0150872718407667,0.9622641498612188,1.0,0x0x0x0x0,0.7108393556473901,0.0107095580809234,0.6962822884600515,0.7286180635489414,8x8x8x8x8,0.3910323777174558,0.0422106434967162,0.3309481168771346,0.4452054564082437,4x6x2x4x8,0.8185128360681804,0.0083748969864229,0.8047093048837246,0.830357143176295,8.0x8.0x8.0x8.0x8.0,0.4500582729630337,0.0244353924111461,0.4126984093126383,0.4818976275637162,7.0x6.0x7.0x2.0x7.0,0.8846762735140665,0.0060250022791093,0.8754547567163596,0.8938135510656657,8x8x8x8x8,0.827190036032259,0.0287532934845001,0.770780854910452,0.8510421937215554,4x6x2x3x8,118080.0,54.0,118017,118161,8x8x8x8x8,0.7553152066456061,0.7355424858578695,0.7710595709535795,0.0116497681557787,8.0x8.0x8.0x8.0x8.0,0.3586395296112528,0.308652823746244,0.4006377208049404,0.0328775969847105,7.0x6.0x7.0x2.0x7.0
M+_mpf_PTx8_RtdXall_ProgPos_AW1e5D1e4_b_blos_24,0.1095807865262031,0.0059676753338901,0.1005954593420028,0.1184663027524948,11x11x11x11x11,4.30149097442627,0.0097797027581922,4.293103218078613,4.320544719696045,0x0x0x0x0,0.3928600192070007,0.0281295558302001,0.3546797931194305,0.4405940473079681,6x8x6x6x6,10.875756645202635,0.0838125808798629,10.752474784851074,11.004962921142578,11x11x11x11x11,11.615077781677249,0.0110009951075185,11.599255561828612,11.630541801452637,0x0x0x0x0,0.9677746057510376,0.0040895041820324,0.9615474343299866,0.9731409549713136,11x11x11x11x11,0.9624272227287292,0.0048468626071718,0.9548508524894714,0.968897819519043,11x11x11x11x11,0.5082293570041656,0.0573913604465506,0.4697311818599701,0.6223193407058716,8x9x9x11x9,2.1350241184234617,0.0247028194115751,2.09756088256836,2.170731782913208,0x0x0x0x0,1.4890803813934326,0.2331378271887334,1.184000015258789,1.739837408065796,10x5x9x11x4,12.513208198547364,0.534659066975451,11.576000213623049,13.0,8x5x8x11x4,13.491579627990722,0.3909954643638766,12.824000358581545,13.830645561218262,0x0x0x0x0,0.8740319967269897,0.0302863850080585,0.8175013661384583,0.90125572681427,8x9x6x4x5,0.8258481025695801,0.0457334654227526,0.7427363991737366,0.8751944899559021,8x5x6x4x5,0.8474262875217669,0.0135231512947286,0.8299594873951551,0.8690129918528633,11x11x11x11x11,0.3052543057992148,0.0273550211826881,0.2566548223824225,0.3316112629877981,7x10x6x8x2,0.8850351542748612,0.0102107229280011,0.8725136046828177,0.9004871045212188,11x11x11x11x11,0.4185951072717264,0.0560605370133105,0.3323024836668131,0.491407384224293,5x1x4x8x2,0.1636326747904646,0.0139756721720919,0.1404233362578119,0.1821981740247352,11x11x11x11x11,0.6215709842460878,0.0212154606713593,0.593457943118288,0.6454545482254225,8x9x6x4x3,0.9982761958929606,0.0007052843912919,0.9971223021088546,0.9991401547138072,0x0x0x0x0,0.9909115334359828,0.0113543495484998,0.9698113190105012,1.0,0x0x0x0x0,0.8363673252095353,0.0139756721720919,0.8178018259752647,0.8595766637421881,11x11x11x11x11,0.3784290157539122,0.0212154606713593,0.3545454517745775,0.4065420568817119,8x9x6x4x3,0.891272603775044,0.0093318445142216,0.8794288778804117,0.906245746220148,11.0x11.0x11.0x11.0x11.0,0.4209938577834614,0.0336891947113278,0.3571428532054933,0.4496314438517612,5.0x10.0x8.0x5.0x2.0,0.9372304936041086,0.0058772701857418,0.9294445288275645,0.9465435643241528,11x11x11x11x11,0.8314358629580758,0.0160271833275547,0.8015113260988808,0.8482862865616146,8x9x6x4x4,157440.0,72.0,157356,157548,11x11x11x11x11,0.851088136651508,0.8346865325924953,0.8715239483035038,0.012849324923749,11.0x11.0x11.0x11.0x11.0,0.324762895607691,0.2567154682717008,0.362439795414344,0.0375413180646762,5.0x10.0x8.0x5.0x2.0
M+_mpf_PTx8_RtdXall_EquiM_AW8e6D1e3_blos_24,0.2640345752239227,0.0058844409369991,0.2573449909687042,0.2726838290691376,8x8x8x8x8,4.294810771942139,0.0119866099515611,4.28201961517334,4.316831588745117,0x0x0x0x0,0.9981375336647034,0.0569523565475523,0.889162540435791,1.0433168411254885,5x6x5x5x4,10.91103172302246,0.0534912383342741,10.822660446166992,10.971464157104492,8x8x8x8x8,11.534118843078613,0.016134381582988,11.518610000610352,11.55911350250244,0x0x0x0x0,0.9475648999214172,0.0021330899581135,0.9446608424186708,0.9501397609710692,8x8x8x8x8,0.939377534389496,0.0026113578778742,0.9355489015579224,0.94271719455719,8x8x8x8x8,0.4294784605503082,0.0579737251745095,0.3931497931480407,0.5450867414474487,8x7x7x8x7,1.964709615707397,0.3632245830166916,1.2439024448394775,2.2083332538604736,0x0x0x0x0,1.6998260021209717,0.2465813009148381,1.2640000581741333,1.943089485168457,1x4x7x8x7,13.28479881286621,0.4094721887172715,12.520000457763672,13.682927131652832,4x4x7x8x7,11.995318603515624,3.4017850726906795,5.195121765136719,13.821138381958008,0x0x0x0x0,0.9142279386520386,0.0252153579529147,0.8652018308639526,0.93484228849411,3x4x7x8x6,0.8833256363868713,0.0434232818302787,0.7979178428649902,0.9150454998016356,3x4x7x8x6,0.746825652260064,0.0120216836207059,0.7287112914419086,0.7637048886729366,8x8x8x8x8,0.3114593775642928,0.0894523056371844,0.2130285781292298,0.4557022709906966,2x8x3x3x4,0.7442310454821743,0.0137492778962896,0.7218286588930267,0.7614865394706682,8x8x8x8x8,0.3355413873337701,0.1234159223239612,0.1979658048584973,0.4874764797925017,2x1x2x1x4,0.1806138994761101,0.0106600228789178,0.1688849423910271,0.1967121818837967,8x8x8x8x8,0.4985285738525318,0.0924322332233298,0.3770491783575997,0.5877862519442247,4x4x7x8x6,0.9967252043768416,0.0013209129594934,0.9942446043805736,0.9979821273944044,0x0x0x0x0,0.9104744623810508,0.1626624730401123,0.5862068984889341,1.0,0x0x0x0x0,0.8193861005238899,0.0106600228789178,0.8032878181162033,0.8311150576089729,8x8x8x8x8,0.5014714261474682,0.0924322332233298,0.4122137480557752,0.6229508216424002,4x4x7x8x6,0.8146568273927782,0.0089025812857629,0.8009870809123929,0.8271176678973272,8.0x8.0x8.0x8.0x8.0,0.396743868162649,0.092816125321636,0.2937062910771484,0.5365853628144144,3.0x2.0x2.0x8.0x4.0,0.9006732595206154,0.0046822556910996,0.8939347075330499,0.9072076974631116,8x8x8x8x8,0.8636092509078506,0.0132936079171543,0.84282116070966,0.8807291680384272,4x4x7x8x6,118080.0,54.0,118017,118161,8x8x8x8x8,0.7469248510582258,0.7288686292367672,0.7637201522303867,0.0119849415215533,8.0x8.0x8.0x8.0x8.0,0.3208995683249674,0.2214214539206457,0.4575605735077995,0.0893592085123273,3.0x2.0x2.0x6.0x4.0
M+_mpf_PTx8_RtdXall_EquiM_AW1e5D1e6_blos_24,0.1949752420186996,0.0073556870531137,0.1865045577287674,0.2047164440155029,9x9x9x9x9,4.292582511901856,0.0120270319015215,4.280787944793701,4.31559419631958,0x0x0x0x0,1.019395399093628,0.0613429825390506,0.9211822748184204,1.0965346097946167,4x5x4x4x4,11.162357902526855,0.0128183260723857,11.147276878356934,11.176980018615724,9x9x9x9x9,11.482226943969726,0.0212090059511188,11.453202247619627,11.518610000610352,0x0x0x0x0,0.9703274607658386,0.0024361333202756,0.9669604897499084,0.9739002585411072,9x9x9x9x9,0.9661008954048156,0.0027969631744655,0.9622012376785278,0.9701757431030272,9x9x9x9x9,0.4205378532409668,0.0226656863530313,0.3946833312511444,0.4628337919712066,5x6x5x7x7,1.8929795742034912,0.3603629057152546,1.1935484409332275,2.170731782913208,0x0x0x1x0,1.872406959533692,0.1859501383470548,1.527999997138977,2.088709592819214,2x4x9x4x1,13.481011009216308,0.4236344245278575,12.64799976348877,13.78225803375244,2x4x4x4x1,10.574329566955566,3.2341892889555663,5.432000160217285,13.869918823242188,0x0x0x1x0,0.924326467514038,0.0116491288038434,0.9048437476158142,0.9390872716903688,2x4x2x6x4,0.903645157814026,0.0243344929404931,0.8624253869056702,0.9357070326805116,2x4x2x4x4,0.8209711442775136,0.0095860936636152,0.8056655824765236,0.8305225152508132,9x9x9x9x9,0.3146691298948607,0.0736605678338384,0.2110316478693599,0.4327644745430441,3x7x6x5x6,0.8160377535202823,0.011510618981883,0.7976185688329083,0.8287910556868765,9x9x9x9x9,0.3239368483483891,0.1207229804345149,0.1628445365115411,0.5034991282692292,3x7x0x5x5,0.1227831875128924,0.0044293798719624,0.1163742679146962,0.1288598509608202,9x9x9x9x9,0.4591721108826516,0.1091975262170442,0.3250000080186873,0.5922746750923249,2x4x5x3x7,0.9962073136299164,0.000564968041645,0.9953956837420423,0.9971404061443034,0x0x0x0x0,0.8781472565321927,0.1655094283791677,0.5563909920676213,1.0,0x0x0x1x0,0.8772168124871076,0.0044293798719624,0.8711401490391798,0.8836257320853037,9x9x9x9x9,0.5408278891173484,0.1091975262170442,0.4077253249076751,0.6749999919813127,2x4x5x3x7,0.868736644988374,0.007241872404932,0.8571428631727247,0.8759166064335479,9.0x9.0x9.0x9.0x9.0,0.3983279904592177,0.0786612430444524,0.2776349584113209,0.5060240908481676,5.0x6.0x3.0x7.0x5.0,0.9299492892627986,0.0035573416857018,0.9242975475265806,0.9335284626154297,9x9x9x9x9,0.8642830084557425,0.0111229493996716,0.8443324911387072,0.8749999955762177,4x4x5x4x1,131200.0,60.0,131130,131290,9x9x9x9x9,0.8210567814404819,0.8058581076983615,0.8305309872657192,0.009528867646391,9.0x9.0x9.0x9.0x9.0,0.3235160268622747,0.2339019293361725,0.4339473962048183,0.0684200507853209,5.0x6.0x3.0x7.0x7.0
C+_mpf_FD_RtdXall_ProgPos_Aw1e5D1e4_0193x0211x0094_24,0.1284376591444015,0.0060891619503951,0.1230815201997757,0.1402378529310226,11x11x11x11x11,7.728586006164551,0.0226501286700317,7.702499866485596,7.756521701812744,10x11x11x11x11,3.0804181575775145,0.0949621793881086,2.938750028610229,3.1910111904144287,0x0x0x0x0,5.051980590820312,0.1889383475422034,4.842236042022705,5.312577724456787,11x11x11x11x11,3.4347724437713625,0.1124092623861842,3.328749895095825,3.573913097381592,5x5x5x6x6,0.8941572070121765,0.0076753573089597,0.8820080757141113,0.9027042388916016,11x11x11x11x11,0.8886896133422851,0.0069909402101318,0.8769996762275696,0.8969923257827759,11x11x11x11x11,0.9798008918762208,0.1581748198618551,0.7701934576034546,1.1867554187774658,0x0x2x2x1,7.565804958343506,0.0454820917012702,7.520325183868408,7.637096881866455,0x6x10x1x1,0.105129787325859,0.1278207814049251,0.0081300809979438,0.35537189245224,9x10x0x6x0,2.795545506477356,0.6250544448168208,1.9112902879714968,3.4793388843536377,9x0x8x0x1,6.857164669036865,0.5898154584354766,6.2682929039001465,7.86776876449585,0x6x9x8x6,0.7057296752929687,0.0305559238296529,0.6621166467666626,0.7456827163696289,9x1x1x2x1,0.6837984800338746,0.0282410990976042,0.6447842717170715,0.7242236733436584,9x1x1x2x1,0.5954829743998352,0.0228435027082498,0.5697204020335754,0.6271774968501412,11x11x11x11x11,0.3135797132653775,0.0659681985441439,0.2201667143919202,0.3896356080971346,9x0x8x0x1,0.5918825744995377,0.023014216933703,0.5660291447730554,0.6235723289065098,11x11x11x11x11,0.3234988113206537,0.067420365649307,0.2266295338693504,0.4013605372383366,9x0x8x0x1,0.2642475457604886,0.0130974708132918,0.2448481920348535,0.2783242682404514,11x11x11x11x11,0.4235763032896308,0.0242972894030515,0.3971631232492865,0.4540196650404524,9x0x8x0x1,0.9469616124630392,0.0025081621361575,0.9436233448402008,0.9502358861825096,10x11x11x11x11,0.9976236092321448,0.0027884912535568,0.9923830248564128,1.0,0x6x10x1x1,0.7357524542395114,0.0130974708132918,0.7216757317595486,0.7551518079651465,11x11x11x11x11,0.5764236967103693,0.0242972894030515,0.5459803349595476,0.6028368767507135,9x0x8x0x1,0.8279338513232746,0.0078374305579841,0.8186754999271882,0.8389325376197644,11.0x11.0x11.0x11.0x11.0,0.7276263824194725,0.0179941785230851,0.7050037337383283,0.7522123872926986,0.0x9.0x8.0x0.0x1.0,0.7990608200420758,0.0112448408515704,0.7863441332350322,0.8147542225557954,11x11x11x11x11,0.6465087017054989,0.034726950018473,0.5991882286819271,0.6863543752303092,9x0x8x0x1,157440.0,72.0,157356,157548,11x11x11x11x11,0.6233155196580149,0.6008622730522178,0.6489409455594778,0.018918974484903,11.0x11.0x11.0x11.0x11.0,0.4196579217254507,0.345040346164925,0.4918891467797875,0.0528629706607725,0.0x9.0x8.0x0.0x1.0
X+_mpf_Persistant_24,5.849343585968017,0.2525906444408239,5.610867023468018,6.260005950927734,0x0x0x0x0,0.311931636929512,0.0525638403184949,0.2335766404867172,0.3731707334518432,0x0x0x0x0,0.8187371492385864,0.0310936734488888,0.7566909790039062,0.8365853428840637,0x0x0x0x0,30.282587432861327,0.0712924165336785,30.190244674682617,30.36739730834961,0x0x0x0x0,0.5458334803581237,0.0259622776543973,0.5012165307998657,0.5780487656593323,0x0x0x0x0,0.9570491313934326,0.0065643984939805,0.9443268179893494,0.9632936716079712,0x0x0x0x0,0.9450281500816344,0.0081993025152378,0.9291456341743468,0.9528570771217346,0x0x0x0x0,0.3269312024116516,0.0308191498029128,0.2919887900352478,0.3759468197822571,0x0x0x0x0,0.0368000006303191,0.031025151004931,0.0,0.0799999982118606,0x0x0x0x0,0.1471999987959861,0.0310251507167552,0.1040000021457672,0.1840000003576278,0x0x0x0x0,15.60959987640381,0.0296756290416662,15.567999839782717,15.64799976348877,0x0x0x0x0,0.1935999989509582,0.0269636785653727,0.1599999964237213,0.2399999946355819,0x0x0x0x0,0.978683626651764,0.0020094635025991,0.9754877090454102,0.9809619188308716,0x0x0x0x0,0.9724239945411682,0.0025724573675621,0.9683348536491394,0.9753424525260924,0x0x0x0x0,0.2903207645784368,0.0351320227533758,0.2324188906427743,0.3228190986574114,0x0x0x0x0,0.1537475206455318,0.1351866465595383,-0.0113780735991506,0.335587509828653,0x0x0x0x0,0.2567789716561498,0.0337650578822465,0.2016798548016107,0.2896805915889255,0x0x0x0x0,0.1877491927029772,0.1679540272206265,-0.0111336032007031,0.4221115383514822,0x0x0x0x0,0.6386707223416668,0.0356652874911282,0.6062992065378129,0.6981132122710872,0x0x0x0x0,0.8598039195502535,0.1113250678339903,0.7142857218883475,1.0,0x0x0x0x0,0.2744855969251865,0.0340259210667061,0.2191780820002384,0.3084677487895723,0x0x0x0x0,0.2000000037851485,0.1686149506362226,0.0,0.4347825981324472,0x0x0x0x0,0.3613292776583333,0.0356652874911282,0.3018867877289128,0.3937007934621871,0x0x0x0x0,0.1401960804497464,0.1113250678339903,0.0,0.2857142781116525,0x0x0x0x0,0.3119193290884864,0.0352682745344861,0.2539682521680255,0.3453724675945384,0.0x0.0x0.0x0.0x0.0,0.1643084225808004,0.1343966977828054,0.0,0.3448275773477043,0.0x0.0x0.0x0.0x0.0,0.9573034166184968,0.0017153229924042,0.9557623391693854,0.9606065242629211,0x0x0x0x0,0.9786836303661332,0.0020094511309653,0.9754877442540438,0.9809619230940376,0x0x0x0x0,328000.0,150.0,327825,328225,24x24x24x24x24,0.2932683784658041,0.2355818225194995,0.3253201275159871,0.0349527305374236,0.0x0.0x0.0x0.0x0.0,0.1565785247137628,-0.0113809483849864,0.3432273323219376,0.1378894041280707,0.0x0.0x0.0x0.0x0.0
