model,TP,FN,TN,FP,auc_roc,auc_pr,val_TP,val_FN,val_TN,val_FP,val_auc_roc,val_auc_pr,hss,val_hss,tss,val_tss,recall,val_recall,precision,val_precision,f1,val_f1,acc,val_acc,num_train_inst,far,loss,val_far,val_loss,TP_epc,FN_epc,TN_epc,FP_epc,auc_roc_epc,auc_pr_epc,val_TP_epc,val_FN_epc,val_TN_epc,val_FP_epc,val_auc_roc_epc,val_auc_pr_epc,hss_epc,val_hss_epc,tss_epc,val_tss_epc,recall_epc,val_recall_epc,precision_epc,val_precision_epc,f1_epc,val_f1_epc,acc_epc,val_acc_epc,num_train_inst_epc,far_epc,loss_epc,val_far_epc,val_loss_epc,loss_std,TP_std,FN_std,TN_std,FP_std,auc_roc_std,auc_pr_std,val_loss_std,val_TP_std,val_FN_std,val_TN_std,val_FP_std,val_auc_roc_std,val_auc_pr_std,hss_std,val_hss_std,tss_std,val_tss_std,far_std,val_far_std,recall_std,val_recall_std,precision_std,val_precision_std,f1_std,val_f1_std,acc_std,val_acc_std,num_train_inst_std,loss_min,TP_min,FN_min,TN_min,FP_min,auc_roc_min,auc_pr_min,val_loss_min,val_TP_min,val_FN_min,val_TN_min,val_FP_min,val_auc_roc_min,val_auc_pr_min,hss_min,val_hss_min,tss_min,val_tss_min,far_min,val_far_min,recall_min,val_recall_min,precision_min,val_precision_min,f1_min,val_f1_min,acc_min,val_acc_min,num_train_inst_min,loss_max,TP_max,FN_max,TN_max,FP_max,auc_roc_max,auc_pr_max,val_loss_max,val_TP_max,val_FN_max,val_TN_max,val_FP_max,val_auc_roc_max,val_auc_pr_max,hss_max,val_hss_max,tss_max,val_tss_max,far_max,val_far_max,recall_max,val_recall_max,precision_max,val_precision_max,f1_max,val_f1_max,acc_max,val_acc_max,num_train_inst_max,mcc,mcc_min,mcc_max,mcc_std,mcc_epc,val_mcc,val_mcc_min,val_mcc_max,val_mcc_std,val_mcc_epc
C+_mpf_Persistant_24,14.711339569091797,1.6629363536834716,13.423087310791017,2.161726903915405,0.8769444942474365,0.8484941363334656,6.6031999588012695,1.044800007343292,7.073599910736084,1.2656000018119813,0.8554757475852967,0.8242026925086975,0.7603265638365375,0.7106704134276709,0.7597359765368159,0.7116437831245381,0.8984462950033529,0.8633891201927142,0.8719152925907838,0.8397478717281274,0.8849390139015393,0.8503024213520763,0.8803280143388867,0.8554757321439939,328000.0,0.128084707409216,0.6646919488906861,0.1602521282718726,2.2165810108184814,0,0,0,0,0,0,0,0,0,0,0,0,0,0,0,0,0,0,0,0,0,0,0,0,24,0,0,0,0,0.0492930447874448,0.1643608492981406,0.170876277877636,0.0903760949931707,0.0805991678687949,0.005171993824079,0.0059854569646413,0.313245388815662,0.4152793416503801,0.4152794006235755,0.170938135824983,0.178627651582425,0.0204240666373081,0.0231565087824391,0.0076463625832304,0.0415660364109039,0.0074277829738054,0.0432724835518621,0.003359215780589,0.014888890639218,0.010398774549545,0.0542990842845622,0.003359215780589,0.014888890639218,0.0043601018495267,0.0258240662530674,0.0038520973413927,0.0204240677056631,150.0,0.5715776681900024,14.526829719543455,1.3527981042861938,13.27493953704834,2.0609755516052246,0.8700198531150818,0.8405035734176636,1.6955962181091309,5.855999946594238,0.5199999809265137,6.831999778747559,0.9760000109672546,0.8266533017158508,0.7919026613235474,0.7471076468885716,0.6511885270115293,0.7467279420696809,0.6483826739876011,0.1234658073436717,0.1428571453498095,0.8868374052317127,0.7656903693951098,0.8672852460468088,0.8157894794171903,0.877948114360873,0.8088397738930725,0.8736938447359966,0.8266533011113388,327825.0,0.7011677026748657,15.009732246398926,1.853658556938172,13.536585807800291,2.296837091445923,0.8857142925262451,0.8586611747741699,2.658632516860962,7.127999782562256,1.7920000553131104,7.343999862670898,1.5119999647140503,0.8894447088241577,0.8630215525627136,0.7709527947996571,0.7793458266977467,0.7698234141661966,0.7824398172019886,0.1327147539531912,0.1842105205828096,0.9173234166542248,0.932008368592142,0.8765341926563283,0.8571428546501905,0.8916028278304265,0.8896654983823685,0.8857142821946437,0.88944472183166,328225.0,0.7607863102414248,0.747268831044856,0.7723094638581935,0.0079968818190369,0.0,0.7126300188927456,0.6546588295652027,0.782582671559464,0.0415397275587925,0.0
C+_mpf_PTx8_RtdXall_ProgPos_AW1e5D1e4_0193x0211x0094_24,8.14650230407715,0.4067220866680145,7.757802009582519,7.726155567169189,0.9987287402153016,0.998486852645874,7.575682735443115,1.46413916349411,7.014706707000732,8.198824310302735,0.8818735003471374,0.8674616336822509,0.9847215188058772,0.6644973897325216,0.9846625793307416,0.6671638103687119,0.998167669468268,0.9989230330882872,0.99110895580853,0.8242903483530839,0.992529891649059,0.8306153986794775,0.9923645036721226,0.8319565884800142,328000.0,0.0088910441914701,0.0089240515604615,0.1757096516469162,0.5055690467357635,0,6,23,0,23,23,0,23,24,0,7,7,23,7,23,7,0,0,23,24,23,7,23,7,24,23,23,24,7,0.0006836644756194,0.01361082823554,0.0283021570125124,0.0141594541663119,0.030834183986712,0.0002537094131599,0.0003442091550839,0.0306978496580691,0.0453376305894449,0.624440545234985,0.1230855542068085,0.10653646623696,0.0155849829515567,0.0145802519029781,0.00114031956621,0.0522165505335296,0.0011424667553516,0.052411676843763,0.0008433414430603,0.0137732821096558,0.0010871592049517,0.0011716345338299,0.0008433414430603,0.0137732821096558,0.0005592340709329,0.0275881560287623,0.0005699369791593,0.0260919742056669,150.0,0.008044465444982,8.12125015258789,0.3677018582820892,7.733499526977539,7.667496681213379,0.998309850692749,0.9978881478309632,0.461840957403183,7.524590015411377,0.5691056847572327,6.788618087768555,8.024590492248535,0.855316162109375,0.8443231582641602,0.9834272074396307,0.5813162194557951,0.983356299921895,0.5816375362234834,0.0080510405299514,0.1498335258514441,0.9963431359110616,0.996791443938322,0.9899051695680864,0.8120155034629433,0.9918773945433372,0.7827026995333553,0.9917168083677126,0.7909516356081135,327825.0,0.0101189790293574,8.157764434814453,0.4519350826740265,7.773749828338623,7.757802963256836,0.9990646243095398,0.9988990426063538,0.5498166680335999,7.653225898742676,2.471074342727661,7.153225898742676,8.357723236083984,0.8996591567993164,0.8866896033287048,0.986571540127918,0.7176336793015027,0.9864956700235066,0.7211393702731448,0.0100948304319135,0.1879844965370567,0.9993912646934467,1.0,0.9919489594700484,0.8501664741485558,0.993436116239884,0.8588832513001274,0.9932891141231754,0.8584521414882967,328225.0,0.984726402012398,0.9834353328256312,0.9865784677015274,0.0011397605676387,23.0,0.6677419859255262,0.5813616257358954,0.721364335917722,0.0519996485910892,7.0
C+_mpf_FD_RtdX3_ProgPos_AW1e3D1e4_0193x0211x0094_24,7.715125179290771,0.580871331691742,6.075805950164795,3.776493644714356,0.924164092540741,0.9115007877349852,6.7216105461120605,2.438980144262314,7.097165966033936,2.139751505851746,0.8876548886299134,0.8743234872817993,0.7236705062037349,0.6405132506447497,0.7212199294732102,0.6448498492952714,0.9453120555270464,0.8863899462203543,0.814742395140077,0.8177357518993607,0.8751721397180452,0.8212329112707746,0.8623634816411025,0.819638437430282,157440.0,0.185257604859923,0.1038912087678909,0.1822642481006394,0.4566260814666748,11,0,11,0,11,11,2,0,5,2,6,6,11,3,11,3,11,2,11,5,11,3,11,3,11,11,11,5,6,0.0082900000048242,0.0239431424472198,0.045423459067558,0.0699719453728543,0.2722716303219105,0.0067898058913059,0.0083162384176837,0.0648225882589644,0.2217116624251547,2.668027277030624,0.4855730428529006,0.591623142078938,0.0255888521262603,0.0304095371532705,0.0092386459923467,0.0521266780748547,0.0093271550830029,0.0552988934358248,0.0059282305879423,0.050990322324732,0.0025977682542738,0.031278502115039,0.0059282305879423,0.050990322324732,0.003746411666041,0.0364998231936855,0.0045793786217593,0.0251479460771878,72.0,0.0961717218160629,7.682896614074707,0.5273631811141968,5.991261005401611,3.367372274398804,0.9133440852165222,0.8985617756843567,0.3791110515594482,6.355371952056885,0.1557376980781555,6.371901035308838,1.3983739614486694,0.8382181525230408,0.818160891532898,0.7082597813038387,0.5406448101602601,0.7057815208666458,0.5384284431983379,0.1799207346375818,0.1026615986678369,0.9411224958089796,0.8367791065473325,0.8064473940068276,0.751599139350692,0.8685956294043812,0.7489994310927951,0.8547015260059585,0.7717108689808283,157356.0,0.1157369762659072,7.749068260192871,0.6504369378089905,6.164999961853027,4.145341396331787,0.930924952030182,0.9199400544166564,0.565504252910614,6.942623138427734,7.430894374847412,7.806451797485352,3.15702486038208,0.9100489616394044,0.9027386903762816,0.7319253049219545,0.6874490944230419,0.7299036722863739,0.6916756248932001,0.1935526059931724,0.248400860649308,0.9493227800280956,0.9216539722249856,0.8200792653624182,0.897338401332163,0.8782627182647362,0.8459302375714486,0.866374932769062,0.8432073471095745,157548.0,0.733656429728808,0.7188597976305693,0.741014096760309,0.0084751524002445,11.0,0.6512618751869879,0.5430045629778487,0.6938137065442048,0.0558444761341321,3.0
C+_mpf_FD_RtdX3_ProgPos_AW1e3D1e4_blos_24,7.703638076782227,0.6546888828277588,5.629280090332031,3.734366226196289,0.9008065819740296,0.8860770702362061,6.935607433319092,2.0754810214042663,6.7733992576599125,3.349861717224121,0.8811700463294982,0.8638414025306702,0.6649465234401521,0.6305273515540033,0.6613368862213567,0.6339872170287668,0.9387922929898004,0.9066770931422866,0.7813371416639507,0.8068162535478315,0.8525831386363585,0.8155921598700131,0.8334993061453263,0.8146750705195196,157440.0,0.2186628583360493,0.1212184101343154,0.1931837464521684,0.5113860726356506,10,0,11,0,11,11,4,2,9,1,11,11,11,7,11,7,10,4,11,10,11,7,11,7,11,11,11,10,11,0.0069598266263355,0.0312790287887605,0.0198131833103586,0.0621114336298333,0.3229201846784156,0.0066898922570308,0.0081536669880303,0.0931335892345754,0.7782618680100273,1.8809583704792152,0.6850050242996674,2.2610221546560227,0.0277085446346914,0.0322017122491943,0.0098013367920392,0.0520891009610346,0.0097845739966881,0.0537473743882031,0.0055787772261256,0.0382522847232754,0.0048816588783555,0.1055248768800176,0.0055787772261256,0.0382522847232754,0.0040412513052841,0.0351833897278727,0.0048644069316079,0.0256084069481493,72.0,0.1149085834622383,7.669975280761719,0.6175742745399475,5.54802942276001,3.392326831817627,0.8910972476005554,0.8751882314682007,0.4164186716079712,5.425000190734863,0.1869918704032898,6.04878044128418,1.7166666984558103,0.8266453742980957,0.8011293411254883,0.6491026958565744,0.5333812837177146,0.6454601488591005,0.5315738021719318,0.211589439052927,0.1294718929222896,0.933836859827966,0.7000000030763687,0.7746113967362972,0.7710843238619354,0.8457472328736167,0.7460136713228891,0.8256652913699548,0.7677083313465118,157356.0,0.1314263939857483,7.762315273284912,0.6724137663841248,5.69430685043335,4.277093410491943,0.90754234790802,0.8944588303565979,0.6793978810310364,7.556451797485352,5.27419376373291,7.815999984741211,7.829268455505371,0.9039892554283142,0.8929300308227539,0.6760649374703084,0.6699400084318247,0.6722324545360803,0.6732173191616118,0.2253886032637028,0.2289156761380646,0.9476770405688788,0.9904862584391346,0.788410560947073,0.8705281070777103,0.857240910308881,0.8414929719796692,0.839084019814338,0.8352644863047217,157548.0,0.6797397796867418,0.6635055910895579,0.68973403979957,0.0093122292184067,11.0,0.6419347629667089,0.5365669957583286,0.67887420688198,0.053322902906214,7.0
C+_mpf_FD_Ptrd_ProgPos_Am1e3_blos_24,7.804128932952881,0.5392546713352203,5.164560317993164,3.4334741115570067,0.8698718786239624,0.8496650695800781,6.587405872344971,1.7106969475746154,6.888250064849854,2.081646585464477,0.8808788537979126,0.864721667766571,0.6092338547527065,0.6297321135080953,0.6049364411957974,0.6318540358991918,0.9510345598196932,0.8612087486622914,0.7468553674687208,0.8134425713142631,0.832938321984187,0.808082416349119,0.806139273983845,0.8148239731656609,131200.0,0.253144632531279,0.1487046152353286,0.1865574286857367,0.466139680147171,0,1,8,0,8,8,0,9,9,0,1,1,8,8,8,8,0,0,8,9,8,8,8,8,9,8,9,9,1,0.0053946038849876,0.0375858723752265,0.0648861822625567,0.1199613745244995,0.0791372667769995,0.0046692976996452,0.0042137412492455,0.1043571973999323,0.8739753138278712,1.0614852040341074,0.551915704846269,0.6761558092630653,0.0430315979422021,0.0502572273165562,0.0193414340064032,0.0774073659997752,0.0195296901569223,0.079897440867165,0.00896116363524,0.042536090212136,0.0048079638042689,0.1177493914499982,0.00896116363524,0.042536090212136,0.0074296377428668,0.0556998684682592,0.0094904887116218,0.0377784969107275,60.0,0.1433397382497787,7.75990104675293,0.4408867061138153,5.068238258361816,3.3613860607147217,0.8648782968521118,0.8451674580574036,0.3648988604545593,5.125,0.4471544623374939,6.0731706619262695,1.1333333253860474,0.7996900677680969,0.7711395025253296,0.5922861013777314,0.4902952322175835,0.5878728525307801,0.4864450821823369,0.235635656892256,0.1358024756899928,0.9469788507414568,0.6612903225806451,0.7394416626215726,0.7553648081633695,0.8262898289493473,0.7004323572968483,0.7978120878884256,0.747395824602184,131130.0,0.1561205089092254,7.863300323486328,0.6439206004142761,5.399014949798584,3.5812807083129883,0.8775587677955627,0.8555895090103149,0.6593313217163086,7.390244007110596,3.616666555404663,7.574999809265137,2.7560975551605225,0.9168967008590698,0.9095484614372252,0.6463951348542559,0.7228211307572141,0.642438991280907,0.7244803205905619,0.2605583373784274,0.2446351918366305,0.960006013668762,0.9721925128532364,0.7643643431077439,0.8641975243100072,0.8471645005666326,0.8583204555128914,0.8243857392137861,0.8613911303184596,131290.0,0.6326611400419377,0.6161606057507919,0.66770549277708,0.0183991919023932,8.0,0.6400035032407376,0.5172593595674765,0.7000175346989853,0.0639586753048174,6.0
C+_mpf_PTx8_RtdXall_ProgPos_AW4e6D4e3_blos_24,8.196792793273925,0.447621476650238,7.32589635848999,7.728941440582275,0.9819222688674928,0.9816450834274292,7.628157615661621,1.523875653743744,6.733831119537354,8.274040603637696,0.8571706771850586,0.8372957706451416,0.9042024736893352,0.6167871984811552,0.9037535431539871,0.6185674128747599,0.998883200139636,0.996591806082784,0.9451777708228946,0.7963739773388981,0.9538166136689638,0.8078601435952976,0.952158604022742,0.8082799201138338,328000.0,0.0548222291771053,0.0474714808166027,0.2036260226611018,0.554460084438324,0,13,24,0,24,24,0,23,17,0,17,17,24,15,24,16,0,0,24,17,24,13,24,15,24,24,24,17,9,0.0037846743664145,0.0145042392319764,0.0418240785171697,0.0450929165463065,0.0237845212184846,0.002960189699981,0.0029634499798064,0.0462085267018538,0.0484236122029776,0.5366471091288081,0.299032627824856,0.0892018286723386,0.0164919563507032,0.0144071916818317,0.0097133690451481,0.0483431608447818,0.009730485802869,0.0416813139349342,0.0052222047551634,0.0231646540644994,0.0005622796410307,0.0032101371226696,0.0052222047551634,0.0231646540644994,0.0046600125824709,0.026870975226075,0.0048493609139749,0.0240464480715607,150.0,0.0434454008936882,8.178217887878418,0.3731527030467987,7.251861095428467,7.691831588745117,0.9767608642578124,0.9765578508377076,0.5037274360656738,7.552000045776367,0.6854838728904724,6.335999965667725,8.149999618530273,0.8278238773345947,0.8147127628326416,0.8875137828704452,0.5409194740391078,0.8870483921289325,0.5505376329491063,0.0478596888110326,0.1674528323500506,0.9980365502892868,0.9913978490881568,0.9371293051042764,0.770168847771748,0.9458246060160116,0.7633744855815666,0.9438280725984866,0.7708333375242848,327825.0,0.0533012077212333,8.219058990478516,0.4975185990333557,7.37561559677124,7.757389068603516,0.9848679304122924,0.984777808189392,0.6366687417030334,7.683333396911621,2.04878044128418,7.235772132873535,8.373983383178711,0.8737325668334961,0.8531074523925781,0.9142555752681382,0.6921654104557172,0.913805439231698,0.6820381471139179,0.0628706948957234,0.229831152228252,0.9996992933616016,1.0,0.9521403111889674,0.8325471676499494,0.9586063119441744,0.8475401859928124,0.9571747656837624,0.8457661317060551,328225.0,0.9043725890284666,0.887678534867469,0.9144393633998006,0.0097081447563412,24.0,0.6194830146252159,0.5410372825494891,0.6950199566034346,0.048831703050045,15.0
C+_mpf_FD_Ptrd_ProgPos_AW2e4D4e3_blos_24,7.898127841949463,0.8663570642471313,5.622276592254639,5.3236165046691895,0.93611421585083,0.931393814086914,7.652782154083252,1.236217552423477,5.90724925994873,8.170463466644287,0.8228248953819275,0.7991428017616272,0.6856858234511938,0.612748386538352,0.6815703629582432,0.6183109461482008,0.962485912247705,0.9997885835192178,0.7849309370817783,0.7424993439551565,0.8633090625026834,0.8168939012163051,0.8439078004154166,0.8050140241663156,328000.0,0.2150690629182216,0.1069033935666084,0.2575006560448435,1.1975597739219666,20,0,23,0,24,24,1,10,19,2,19,13,23,19,23,19,20,1,23,19,23,19,23,19,24,23,24,19,0,0.0087716299718381,0.040029789470068,0.1165867074916714,0.2446755342654556,0.5668945520955017,0.0093013080363923,0.0092507613901301,0.4943235297902382,0.0644754592780929,2.074445056560228,0.1892199145163825,0.3055396324259763,0.023030873694691,0.0543701277055605,0.0379999103006336,0.0412160084443794,0.0380965271223771,0.0425961594937402,0.0204437047925153,0.0141442340915021,0.0043553326010096,0.0004228329615642,0.0204437047925153,0.0141442340915021,0.0150482906671727,0.0199316628643333,0.0188029167360467,0.0204603195903804,150.0,0.0907890126109123,7.826354503631592,0.6908866763114929,5.222906589508057,4.301488876342773,0.9215849041938782,0.9181244373321532,0.6715067625045776,7.584000110626221,0.0241935476660728,5.634146213531494,7.569105625152588,0.7805362939834595,0.7011807560920715,0.62047667495208,0.5352696897444532,0.6163971666442487,0.5380253963595556,0.1922882454442137,0.2430313644253062,0.9554954128038132,0.9989429175960894,0.750685589589504,0.7215073404698326,0.837345394785431,0.7779980073924836,0.8115997903854454,0.7666666564842064,327825.0,0.11721683293581,7.939206123352051,1.0570719242095947,5.890819072723389,6.040640354156494,0.9481427669525146,0.9437463283538818,2.120804071426392,7.75,5.375999927520752,6.088709831237793,8.390243530273438,0.8474347591400146,0.8429095149040222,0.726446223808206,0.6458929224841483,0.7224833188935684,0.652307464826885,0.2493144104104959,0.2784926595301674,0.9679322365487264,1.0,0.8077117545557863,0.7569686355746937,0.8794218836171114,0.8317490550695389,0.8640701379613094,0.8215725864922147,328225.0,0.7046462240736371,0.644289756446937,0.7416459792711088,0.0349239719085463,23.0,0.6275435088169058,0.5426074305773076,0.6609251678388371,0.0439302931500032,19.0
C+_mpf_PTx8_RtdXall_ProgPos_AW1e5D1e4_b_blos_24,8.186885833740234,0.4889308750629425,7.683387184143067,7.667237186431885,0.9967416524887084,0.9965428829193116,7.646317386627198,2.108957278728485,6.723515892028809,8.133245754241944,0.862184464931488,0.8500680446624755,0.9732038940451456,0.609459336906651,0.9732437578134157,0.6127692960789548,0.9976771827319068,0.9989404303150564,0.9877026788635124,0.7938235499716205,0.9869429223396268,0.8074550243153776,0.9866106569582692,0.8040332057394712,328000.0,0.0122973211364874,0.0160828661173581,0.2061764500283795,0.5101227939128876,0,7,24,0,24,24,0,3,20,0,7,7,24,5,24,5,0,0,24,17,24,5,24,5,24,24,24,17,7,0.0016500269097638,0.0116095297448051,0.0390961246886168,0.0138078692071586,0.0727955914244348,0.000649662124376,0.0006906063171146,0.0363715712157269,0.0687009710888406,1.299248677118865,0.3321982256328687,0.2827482388384587,0.0220301499381102,0.0203816759455978,0.0035265012793216,0.054045125071653,0.0035296080298831,0.0545424977433384,0.0019144959414034,0.0356219072881602,0.0013355951466445,0.0016376326200819,0.0019144959414034,0.0356219072881602,0.0017318862979925,0.0292947684526103,0.0017627864492441,0.0270103016738468,150.0,0.0140596367418766,8.173267364501953,0.4285714328289032,7.663771629333496,7.5569305419921875,0.9956769347190856,0.9953932762145996,0.4632289707660675,7.584000110626221,0.5920000076293945,6.263999938964844,7.577235698699951,0.8319862484931946,0.8270235061645508,0.9683998330570666,0.5439752107541369,0.9684298378933192,0.5435320898032032,0.0093486124122835,0.1714579033471331,0.9957888405274228,0.9957716702646044,0.9851807047616798,0.729059824596774,0.9845851592653272,0.7618528558864348,0.9842093038710176,0.7723958309351777,327825.0,0.0186363719403743,8.20471477508545,0.53722083568573,7.703201770782471,7.759852409362793,0.9974961876869202,0.9972861409187316,0.5692269802093506,7.75,3.5322580337524414,7.154471397399902,8.362903594970703,0.8905433416366577,0.8808853030204773,0.978167076096216,0.7040716991043445,0.9782411843889895,0.7066443493326915,0.0148192952383201,0.270940175403226,0.9993985867021584,1.0,0.9906513875877164,0.8285420966528669,0.989383329913409,0.8507614254486422,0.989091753169065,0.8518145192008946,328225.0,0.9732065542250178,0.9684005766306892,0.9781704650743744,0.0035266272595595,24.0,0.6165511873324154,0.5441604208206146,0.7062517563203173,0.054086325033059,5.0
C+_mpf_PTx8xIntrPtc_RtdXall_ProgPos_AW1e5D4e3_blos_24,8.202986335754394,0.5275180339813232,7.687569522857666,7.776218318939209,0.9966696977615356,0.9965309143066406,7.604170608520508,1.950323867797852,6.998777961730957,7.670587062835693,0.869594407081604,0.8566059708595276,0.972666905701886,0.6098261365043995,0.9727488400114284,0.6107446908946554,0.9996376470222454,0.9934599157190036,0.9881963809077154,0.8148737979887265,0.9866740185303678,0.7970403236693201,0.9863419250903126,0.8050880636116327,328000.0,0.0118036190922845,0.0167116492986679,0.1851262020112735,0.5035927653312683,0,6,24,0,24,24,0,18,18,0,6,6,24,13,24,13,0,0,24,18,24,13,24,13,24,24,24,18,6,0.0017135371903636,0.0154910413781234,0.0427621548290052,0.0229207632438622,0.0116953601717136,0.0005925454632984,0.0005827586296142,0.0372180580586092,0.085032058459676,0.7729711255684192,0.3554443220483002,1.165480392335031,0.0237107051621747,0.025812589250903,0.0039417297096341,0.0665680046434131,0.0039275609371989,0.0679879176985889,0.0017283874583106,0.025899046013725,0.0003113580728725,0.0098140953224971,0.0017283874583106,0.025899046013725,0.0019113942959955,0.0426251838882095,0.0019691348829388,0.0327692408410841,150.0,0.0134527329355478,8.1871919631958,0.4716748893260956,7.661290168762207,7.758663177490234,0.9961562156677246,0.9960589408874512,0.4331211447715759,7.512195110321045,1.0479999780654907,6.552000045776367,5.357723712921143,0.8345083594322205,0.8285670280456543,0.967858331095223,0.4879078445021163,0.967936096541572,0.4857934172190643,0.00888821906679,0.1352517938863157,0.999092421683906,0.9746835451848308,0.9857597338412096,0.7893719789514396,0.9843430908036926,0.7168500253259342,0.9839397935624628,0.7453125008149072,327825.0,0.0183585062623024,8.228960037231445,0.5693069100379944,7.725369453430176,7.791872024536133,0.9978009462356568,0.9976431131362916,0.5358937978744507,7.75,2.883333444595337,7.626016139984131,8.390243530273438,0.9085149765014648,0.905054211616516,0.9798085685652042,0.6874123290275761,0.9798568096868454,0.68870041924291,0.0142402661587903,0.2106280210485603,1.0,1.0,0.99111178093321,0.8647482061136842,0.9901422231591472,0.8395445175761688,0.989909882441869,0.84375,328225.0,0.9726720938634162,0.9678625430929396,0.979810535504272,0.0039405004011507,24.0,0.6133987000597809,0.4927103204316992,0.6879721610091571,0.0658566367722238,13.0
C+_mpf_PTx8_RtdXall_ProgPos_AW2e5D4e3_blos_24,8.181928253173828,0.4873521745204925,7.699255275726318,7.56747407913208,0.998241376876831,0.9979684710502624,7.263010025024414,2.0898698687553408,6.96034803390503,5.541957092285156,0.8579300999641418,0.8449883460998535,0.9810405772626896,0.6027932052239473,0.980980678874567,0.6041292978950061,0.997073222373716,0.949039784880201,0.98968172152999,0.8082092089072542,0.9907820028628676,0.7983836042735717,0.9905275295046256,0.8014433483288604,328000.0,0.01031827847001,0.0102005997672676,0.1917907910927456,0.5176076531410218,0,4,23,0,24,24,0,1,17,0,3,3,23,16,23,16,0,0,23,17,23,2,23,16,24,23,24,17,3,0.0014551307609101,0.0133869551464952,0.033134212222525,0.0183461719160752,0.0757405680920452,0.0005754710871128,0.000743835481453,0.0234495732397567,0.3840535289997481,1.2662167041949268,0.3665393017535489,2.364029832398988,0.023874844811267,0.0225072789629223,0.0017666167775602,0.0629799562786312,0.0017959876369078,0.0646012591454835,0.0015215646003281,0.0284907682048454,0.0016551165680597,0.0524488138831077,0.0015215646003281,0.0284907682048454,0.0008510735189506,0.0270987600107905,0.0008822110446673,0.0309331637354847,150.0,0.0088105667382478,8.160049438476562,0.4516128897666931,7.6757426261901855,7.452853679656982,0.9973763823509216,0.9969313144683838,0.4719451069831848,6.683333396911621,0.7886179089546204,6.650000095367432,2.790322542190552,0.8302152752876282,0.8233895301818848,0.9791888836787784,0.4951888451869514,0.9790887540610056,0.4929944605870231,0.0078597345982384,0.1444444428928315,0.994857056315867,0.8623655863367268,0.9878706197092284,0.7686746940191952,0.9898717082567764,0.7652892573156288,0.989601787211164,0.748958332487382,327825.0,0.0130090899765491,8.199751853942871,0.5495049357414246,7.730197906494141,7.651477813720703,0.9988897442817688,0.9988656640052797,0.5343035459518433,7.707316875457764,4.224999904632568,7.650406360626221,8.390243530273438,0.8983221650123596,0.885002851486206,0.9832210041559788,0.6898351032677715,0.9831566957350262,0.6920325772328353,0.0121293802907715,0.2313253059808047,0.998947526720608,1.0,0.9921402654017616,0.8555555571071685,0.9918416680184644,0.8382492886554963,0.991616859425343,0.8447580667017328,328225.0,0.9810445410231012,0.9791973655747992,0.9832240418749976,0.0017646990917663,23.0,0.6070658117457596,0.5299310820024444,0.6896939638335684,0.0528805452531072,3.0
C+_mpf_FD_Ptrd_ProgPos_Am1e3_0193x0211x0094_24,7.767710781097412,0.5121191263198852,5.217401504516602,3.819426393508911,0.8669581651687622,0.8446438908576965,6.358104515075683,1.6456754207611084,6.668307876586914,2.014085173606873,0.8722946524620057,0.8608116269111633,0.6143270854539942,0.5931699532924759,0.6108969365041926,0.5969323061203744,0.9517571947070532,0.8385352162075721,0.746916829609374,0.7897001734758373,0.8341947860916404,0.7892524541079988,0.8083253070335926,0.7967318031027714,157440.0,0.2530831703906259,0.1525625526905059,0.2102998265241628,0.4787232518196106,0,1,11,0,11,11,9,2,8,9,0,0,11,9,11,9,0,9,11,8,11,9,11,0,11,11,11,8,0,0.005125346126519,0.0288284952429812,0.0315001674909052,0.1156224299869506,0.2635601488816244,0.0051228456207863,0.0052701736551697,0.0709858005765593,1.1673380397965047,0.8996288381308344,0.5534056607358377,0.6575032008444154,0.0323355208052885,0.0350819129180827,0.0198894534104083,0.0720990862336034,0.0198778170868034,0.0775935517619257,0.0095251647650522,0.0331092113312658,0.0037906512998454,0.1545731171577014,0.0095251647650522,0.0331092113312658,0.0079681041424671,0.0680056374536401,0.0098585455467486,0.031265376306219,72.0,0.147469088435173,7.7203497886657715,0.4621118009090423,5.103233814239502,3.4122042655944824,0.8618109226226807,0.838527262210846,0.3938990235328674,4.041322231292725,0.6910569071769714,6.104838848114014,0.71074378490448,0.8221384286880493,0.8135070204734802,0.5994598111737376,0.4536306052490459,0.5957688999794348,0.4464427312566543,0.2346988500551784,0.1631663988457184,0.9457103554981856,0.5321001012308171,0.7393743996574139,0.7553956847813156,0.8284728281129263,0.6546184682732886,0.8010581153505415,0.7425897023243332,157356.0,0.1613625735044479,7.811180114746094,0.5555555820465088,5.438509464263916,4.227215766906738,0.8746604919433594,0.8507115840911865,0.5765990614891052,7.195121765136719,3.1818182468414307,7.462810039520264,2.4344263076782227,0.9105449318885804,0.9023366570472716,0.6532952234936283,0.6629497303430301,0.6498478431519246,0.670527953235668,0.260625600342586,0.2446043152186844,0.9569319750156432,0.946524062892237,0.7653011499448216,0.8368336011542815,0.849793544540662,0.8412547521743549,0.8276371031705826,0.8335030523365088,157548.0,0.6384484470542481,0.6274764416898126,0.6610758630598019,0.0122432465241009,10.0,0.6117900314923195,0.4870925658389635,0.6822437403869246,0.0657757916410448,9.0
C+_mpf_PTx8_RtdXall_ProgPos_Aw1e5D1e4_blos_24,8.191840171813965,0.4916904091835022,7.683369445800781,7.700689029693604,0.9968857288360596,0.996680474281311,7.612638854980469,2.065512466430664,6.905799007415771,8.188113784790039,0.8540553450584412,0.8365572214126586,0.973286753687916,0.5951100235119597,0.973324431828719,0.5959649886005245,0.9982802414600432,0.994514767927986,0.9877040038465024,0.8008490100417145,0.9869871714745916,0.7934656243428265,0.9866522547580766,0.7976705368783554,328000.0,0.0122959961534978,0.0162182744592428,0.1991509899582856,0.5479680955410003,0,6,23,0,23,23,0,18,18,0,9,6,23,16,23,16,0,0,23,18,23,10,23,16,24,23,23,18,6,0.0018459957253118,0.0117706674134346,0.0463747161639679,0.024004658704668,0.0279039676962864,0.0007890133403115,0.0009417949367061,0.0724933504224397,0.1067233756231145,0.5294348503635058,0.3679252697149869,0.2053147249555436,0.0151119113971777,0.0318725756708565,0.0036522524326574,0.0445918219048164,0.0036558135559771,0.0455022024703997,0.0019170825425171,0.0303782453608305,0.0005926139491875,0.0081817382043261,0.0019170825425172,0.0303782453608305,0.0017702977011529,0.0310393930481224,0.0018244770745619,0.0220643200731236,150.0,0.0137178348377347,8.178217887878418,0.4162561595439911,7.657568454742432,7.666253089904785,0.9957001209259032,0.9952545762062072,0.4487335383892059,7.423999786376953,1.354838728904724,6.550000190734863,7.831999778747559,0.8294965624809265,0.8022642135620117,0.9679984984379474,0.5205211643517534,0.968022240677478,0.5206907705087995,0.0096955007650253,0.148425791325097,0.9975936230011656,0.978902953453852,0.9848599544119294,0.7684449509490461,0.984412833401084,0.7381878775245218,0.9840099361638492,0.7604166623981048,327825.0,0.0186572894454002,8.209157943725586,0.5620347261428833,7.715346336364746,7.735221862792969,0.998040497303009,0.9980663061141968,0.6520389318466187,7.75,2.983739852905273,7.585365772247314,8.390243530273438,0.8744502067565918,0.8878824710845947,0.9770754542010188,0.6399208197534941,0.9771511382580704,0.6427387058588154,0.0151400455880705,0.2315550490509539,0.9992482333349828,1.0,0.9903044992349748,0.851574208674903,0.9888065344394316,0.833671398028236,0.9885440048203052,0.8195564448833466,328225.0,0.9732883130401324,0.967998918924904,0.9770801427589644,0.003652779079328,23.0,0.5965021719534827,0.5205494435709126,0.6428002427802796,0.0453178202542552,16.0
C+_mpf_PTx8_RtdXall_LowBC_Am2e5_blos_24,8.118295097351075,0.8517956852912902,7.730424690246582,6.245552730560303,0.9980381846427916,0.997711670398712,6.0072328567504885,3.63097425699234,7.535135555267334,4.901212978363037,0.8641195297241211,0.8482996702194214,0.979246013987771,0.5944697923481272,0.9794337157077184,0.5946785001129209,0.989319187005967,0.7853311362145761,0.993406782351602,0.8657085341952863,0.9898576791861464,0.786381433757693,0.9896282137146202,0.7976333833022557,328000.0,0.0065932176483979,0.0166179299354553,0.1342914658047138,0.5464171767234802,0,3,24,0,24,24,12,2,3,0,11,6,24,12,24,12,0,12,24,3,24,12,24,12,24,24,24,3,5,0.0010701423729689,0.0147355739496385,0.0357853963768761,0.0112410145924322,0.457646450055361,0.0002019611908799,0.0002282803935715,0.0397494926789519,0.5856387932532955,1.692150357088539,0.6790505090288658,3.802647499242857,0.0226684279504269,0.0272711765788957,0.0018354075203643,0.0526847947300274,0.001817949357756,0.0542812475549281,0.0005403316096181,0.0620984655514138,0.0020705557340739,0.0813372215234215,0.0005403316096181,0.0620984655514138,0.0009082530530967,0.0363278412501348,0.0009177974448077,0.025806436384915,150.0,0.0151176080107688,8.097772598266602,0.8004925847053528,7.716584205627441,5.478960514068604,0.997837781906128,0.9974309206008912,0.4828294515609741,5.175000190734863,0.800000011920929,6.320000171661377,0.0,0.8259402513504028,0.8096853494644165,0.9767687213008176,0.4982815729246598,0.9769730042343192,0.496024775133228,0.005939689174004,0.0515970539841304,0.9870090639916724,0.6677419395526166,0.9926907263823104,0.7663197778771157,0.9886260233836291,0.7216734526743387,0.9883891937632996,0.7505208384129217,327825.0,0.0179880317300558,8.13490104675293,0.9019851088523864,7.747537136077881,6.912128925323486,0.9984149932861328,0.9981285333633424,0.6083593964576721,6.736000061035156,5.72580623626709,8.20161247253418,8.25,0.8914475440979004,0.889224112033844,0.981420360643538,0.6578977305753239,0.98157781751945,0.660548220798379,0.0073092736176894,0.2336802221228842,0.9930837465700992,0.8881856560810291,0.994060310825996,0.9484029460158696,0.9909515905062954,0.8281092037976014,0.9907163853273812,0.8286290343310083,328225.0,0.9792726331209384,0.9768028827121984,0.9814356065161188,0.0018295413981638,24.0,0.5988382775564541,0.5036481323711487,0.6603747348800457,0.052181407155618,12.0
C+_mpf_PTx8_RtdXall_NoWghtxNatFold_Am2e5x25_blos_24,7.563365268707275,1.3675530433654786,8.27904453277588,7.111285972595215,0.997643792629242,0.9974233865737916,5.856375598907471,4.712178897857666,7.745498943328857,3.5124113082885744,0.8619239330291748,0.8500433683395385,0.9765059311445456,0.5892183294363077,0.9760602323530388,0.5883839869613168,0.987383517040728,0.7660372487835746,0.9933837080778404,0.8991255178721189,0.9876976131766404,0.780596830899067,0.9882788417432206,0.7953818505832132,300100.0,0.0066162919221596,0.0431364670395851,0.100874482127881,0.5106134057044983,0,2,23,0,23,23,8,2,2,0,6,4,23,8,23,8,0,8,23,2,23,8,23,8,24,23,24,2,4,0.005371927627346,0.009731442151442,0.0762158738951809,0.0199565467772051,0.2683048898385923,0.0004972231250891,0.0005638951034549,0.0659246654609437,0.5231598841011075,1.893435948099767,0.7552090110847972,3.9016122058246654,0.0236958933535636,0.0341502537362827,0.0036259864328764,0.0414542826983277,0.0036507694712618,0.0436151524428617,0.001711692687903,0.0847075064533016,0.001347398977095,0.0706027829194417,0.001711692687903,0.0847075064533016,0.0018951546296202,0.0316374208607384,0.0018093657829804,0.019927633518111,0.0,0.0351012870669364,7.551816940307617,1.222072720527649,8.255087852478027,6.670284748077393,0.9968712329864502,0.996506929397583,0.4013896584510803,4.991869926452637,1.0720000267028809,6.288000106811523,0.0,0.8275629281997681,0.8184682130813599,0.9738064714773488,0.5411522770628409,0.9733976317153434,0.5358278796881741,0.0042643925558409,0.0089686102540759,0.9855251542339436,0.65598291602478,0.9914178440104104,0.7647610180473596,0.9862964936526872,0.7335722887406219,0.9869303233733376,0.7721584996568935,300100.0,0.0488330721855163,7.580732822418213,1.432835817337036,8.310901641845703,7.408660411834717,0.998171865940094,0.9980225563049316,0.5914289951324463,6.552000045776367,6.25,8.295999526977539,8.295999526977539,0.8990345597267151,0.9116217494010924,0.9832922241536926,0.635962687839361,0.982921856859595,0.6364681315275713,0.0085821559895895,0.2352389819526404,0.9886765751085184,0.8621052664766021,0.9957356074441592,0.991031389745924,0.9912443616383516,0.8177733432213163,0.9916652632655182,0.818227592562697,300100.0,0.9765657485091828,0.9738538604088623,0.9833286478455204,0.0036186083212305,23.0,0.5926478463037641,0.5438263626041889,0.6369873601285706,0.0395657934310625,8.0
C+_mpf_PTx4_Ptrd_ProgPos_Am1e3_blos_24,7.911132431030273,0.4793597280979156,5.218819904327392,3.3463745594024656,0.8744482874870301,0.8627563834190368,6.429348945617676,2.2703725397586823,6.495870590209961,2.356844115257263,0.8652179598808288,0.8498501062393189,0.6162783570281943,0.5784092203772273,0.6120471322086176,0.5793796010278914,0.964073150296588,0.8403234919826892,0.7507778124895312,0.7707836427638898,0.8354063158252165,0.7859506642661721,0.8095893904576108,0.7891771119600635,131200.0,0.2492221875104688,0.1482077032327652,0.2292163572361102,0.5385777354240417,0,9,9,0,9,9,4,6,1,0,8,8,9,8,9,8,0,4,9,9,8,8,9,8,9,9,9,9,8,0.004506101658337,0.0205996008113353,0.0739258992752451,0.0600228832059058,0.2769623607918023,0.0051254027317894,0.008271327502322,0.092883501553994,0.5753964058639424,1.661389375022121,0.590614851900794,0.579303373634483,0.0343004772227196,0.0391983580097738,0.0083297449952373,0.0526742788709877,0.0082641723477445,0.0523945933234587,0.0045132110741484,0.0452431320552222,0.0024825922689774,0.0784699346087764,0.0045132110741484,0.0452431320552222,0.0032458787124406,0.0227027332161859,0.0041363225044226,0.0266513182296141,60.0,0.1415353119373321,7.876237392425537,0.346059113740921,5.179900646209717,2.864531993865967,0.8677555918693542,0.8493936061859131,0.4598391950130462,5.5,0.4560000002384186,5.916666507720947,1.6585365533828735,0.7995689511299133,0.7769002318382263,0.6046611671709294,0.4814742538887744,0.6004165216963799,0.4831215266054434,0.2404799907082624,0.1668928084661392,0.9611841098233468,0.7096774193548387,0.7471014592314202,0.7016840367362495,0.8313478795737097,0.7460559741902817,0.803863762965227,0.7401041609079886,131130.0,0.1542627662420272,7.930521011352539,0.551980197429657,5.337871074676514,3.618811845779419,0.8804872632026672,0.8721407651901245,0.711489737033844,7.072000026702881,4.983870983123779,7.552845478057861,3.368000030517578,0.8926072716712952,0.8838781118392944,0.6265293230388681,0.6319575091946449,0.6221537483202491,0.6344748579897614,0.2528985407685798,0.2983159632637505,0.9670726204747364,0.9324894487243934,0.7595200092917376,0.8331071915338608,0.8406945229599011,0.8155241977579942,0.814680736903281,0.8156171314737926,131290.0,0.6388580195768501,0.6261267275535454,0.6538882491740791,0.0094486843808221,9.0,0.5835371926484365,0.4503758900634568,0.6636606460316539,0.0728393570204723,3.0
C+_mpf_PTx8_RtdXall_EquiC_AW2e5D4e3_blos_24,8.07621078491211,1.470015549659729,7.750228118896483,5.673684549331665,0.9979856371879576,0.9977182388305664,5.612696933746338,5.471853113174438,8.058925151824951,1.3676391243934631,0.8576602339744568,0.8410739541053772,0.9794894850288508,0.5706621215277642,0.97979866086168,0.5690111510196681,0.9841896145465098,0.7335201549124554,0.9958160052435214,0.9244345090109414,0.9899530718170778,0.7643628120367506,0.9897486264120732,0.7865773878884246,328000.0,0.0041839947564785,0.0290637388825416,0.0755654909890586,0.5824225187301636,24,2,23,0,23,23,17,1,1,17,11,4,24,17,24,17,24,17,23,2,24,17,24,17,24,23,24,2,3,0.0039528886520074,0.0220624522872428,0.0837856845000991,0.0132835909229389,0.8577175820530016,0.0003730218842896,0.000482460809006,0.0782654659047659,0.672079233006372,1.3639059878835826,0.308606932902162,0.2534424271634412,0.0210569125207401,0.0231492809698005,0.0034913958525374,0.0647279393202756,0.0034448559106511,0.0671954046062019,0.0009327915673588,0.0663030077343197,0.0024946332435588,0.0900776707573305,0.0009327915673588,0.0663030077343197,0.0017139901911519,0.0467928199756239,0.0017453006994689,0.0313545326450769,150.0,0.0253098718822002,8.049628257751465,1.3091132640838623,7.731435775756836,3.993796586990357,0.9974596500396729,0.9969764351844788,0.4923800826072693,4.674796581268311,2.9119999408721924,7.519999980926514,0.9186992049217224,0.8318853974342346,0.8118293881416321,0.9734564923016336,0.5118315217146263,0.9738393355115078,0.5054771223635197,0.0026021737170469,0.0,0.9800604233071316,0.6149732479433739,0.994632725075923,0.8437499958875022,0.9869932308272522,0.7085643748641434,0.9867328729717976,0.7595322763995572,327825.0,0.0361957177519798,8.1113862991333,1.5347394943237305,7.767241477966309,6.29950475692749,0.9985904097557068,0.9984154105186462,0.6906363368034363,6.548387050628662,6.661290168762207,8.370967864990234,1.6799999475479126,0.8917214274406433,0.8727848529815674,0.9841272991220488,0.6785025526131009,0.9843621134842544,0.6801235820749172,0.0053672749240769,0.1562500041124978,0.9875206731233924,0.8583509457581899,0.997397826282953,1.0,0.9922199559800418,0.8358208918888128,0.9920665483635166,0.839213705355031,328225.0,0.9795608702190448,0.9735579406029152,0.9841736822809204,0.0034724338601921,24.0,0.576230396142455,0.5250923044271808,0.6794005953511949,0.0607591159601171,17.0
C+_mpf_PTx8_RtdXall_EquiC_Am4e5_blos_24,8.085661315917969,1.586974596977234,7.74825086593628,3.737279891967773,0.998009157180786,0.9976257085800172,5.341609477996826,6.871952533721924,8.261520767211914,1.1710791349411012,0.8638123989105224,0.847339928150177,0.980457215272357,0.5668672895739292,0.9807309721705568,0.563442391613238,0.9853420595331032,0.6979499406697023,0.9955808208110166,0.9092043841423102,0.990434538629408,0.7546335092318183,0.9902326953420156,0.7853035850325313,328000.0,0.0044191791889834,0.0280705820769071,0.0461981576655754,0.6673358798027038,24,1,24,0,24,24,12,0,0,16,10,10,24,12,24,12,24,12,24,2,24,12,24,12,24,24,24,0,7,0.0033939732991755,0.0158501629143677,0.0806894738879272,0.0148611913321346,0.5795732033894587,0.0003938193557363,0.0004638260873943,0.0565324149201481,0.6135041594623767,0.7836572703023287,0.1201210374601019,0.3732126615263527,0.0205380839962967,0.0209175203346959,0.0029150968203813,0.0533438609333384,0.0028750168324964,0.055390722834248,0.0008168785563692,0.0531781291206727,0.002053807468593,0.0811223303428137,0.0008168785563692,0.055565936702187,0.0014259190205649,0.04128574771895,0.0014569482230866,0.0257309154236531,150.0,0.0236719455569982,8.058168411254883,1.4962871074676514,7.721534729003906,3.0471463203430176,0.9974505305290222,0.9969423413276672,0.6063936352729797,4.653225898742676,5.390244007110596,8.040650367736816,0.7903226017951965,0.8259081840515137,0.8085888028144836,0.976315288098768,0.50814407392584,0.9766503192626416,0.5052134289186836,0.0035082367336951,0.0,0.9827041666963564,0.6099365779269335,0.9942178940013858,0.8444444452620664,0.9884275019870076,0.7213309607865783,0.9881633919479508,0.7557291686534882,327825.0,0.0320697724819183,8.105459213256836,1.7202969789505005,7.76600980758667,4.495049476623535,0.9985882639884948,0.9982895255088806,0.7687435150146484,6.216000080108643,7.601625919342041,8.390243530273438,1.7642276287078855,0.8799779415130615,0.8684806227684021,0.9843130854442714,0.6517400401535636,0.9845343910805148,0.6518285450082439,0.0057821059986141,0.125,0.988201482949994,0.8196202517717763,0.9964917632663048,0.981481481587091,0.9923293084052718,0.8183254368688497,0.9921602113939538,0.8261964727952763,328225.0,0.9805127710991288,0.9763846532187612,0.9843490011742386,0.002901913606621,24.0,0.5767500800914483,0.5171315564787946,0.6517430286741647,0.0477929210912219,12.0
M+_mpf_PTx8_RtdXall_ProgPos_AW1e5D1e4_0193x0211x0094_24,4.277090358734131,0.1433114230632782,10.641530990600586,11.536014938354493,0.9520730137825012,0.940646719932556,2.132208299636841,0.7700525760650635,11.456220436096192,12.760068321228028,0.8229165434837341,0.7632028460502625,0.8342066100971982,0.4023128362004017,0.8961824842392332,0.5602692115589738,0.997675551454546,0.9984962407268524,0.799568907116016,0.3999180460076009,0.8833841757448353,0.5077797982834709,0.9300256424324422,0.8057532411891725,131200.0,0.200431092883984,0.1895509392023086,0.600081953992399,0.6043725132942199,0,4,9,0,9,9,0,9,9,0,9,8,9,6,9,4,0,0,9,8,9,6,9,9,9,9,9,8,6,0.0189913656688278,0.0116405634205697,0.0218143322313881,0.1350255647143687,0.0160681726968086,0.0077421306675113,0.0088342932701079,0.1404455129807324,0.0278804704487996,0.3230462010546896,0.940193392864001,1.412176063208266,0.0601867358623872,0.092781974014834,0.0185757009794129,0.0711474568925943,0.0136666656112999,0.0361251031581509,0.0183265167528577,0.0788004341013994,0.0007333953634484,0.0030075185462951,0.0183265167528577,0.0788004341013994,0.0124659635650507,0.0493367390529566,0.0084964121227466,0.0436072840127713,60.0,0.1692001968622207,4.260000228881836,0.104347825050354,10.397260665893556,11.522388458251951,0.9381495118141174,0.9253897666931152,0.4426219165325165,2.09756088256836,0.427419364452362,10.227642059326172,9.97580623626709,0.7406680583953857,0.6345644593238831,0.8000560699008629,0.2760394033091665,0.8706038359735706,0.5108309814605636,0.1771289592871212,0.4915254110921494,0.99681712949058,0.9924812036342622,0.7665686421236353,0.2946794086237653,0.8604798733607361,0.424242415470157,0.9143880984137136,0.7357433810948791,131130.0,0.2256752699613571,4.292652606964111,0.1706102043390274,10.813750267028809,11.565543174743652,0.9612056612968444,0.9519725441932678,0.7954902648925781,2.165289163589477,1.3658536672592163,13.089430809020996,13.821138381958008,0.919516921043396,0.9041556119918824,0.8567273024525399,0.4932755684584393,0.9118473086899872,0.6200945842502921,0.2334313578763647,0.7053205913762347,0.9985469339912946,1.0,0.8228710407128788,0.5084745889078506,0.8985122175436782,0.5728155271824281,0.9402985066701816,0.8682328887159914,131290.0,0.8437266251676572,0.8126787191709933,0.864033527153113,0.0168475730997016,9.0,0.4419602517071081,0.3604813409264022,0.5015058730445574,0.0507886343584655,6.0
C+_mpf_PTx8_RtdXall_NoWght_AW2e5D4e3_blos_24,8.078026580810548,1.1748619556427002,7.579886817932129,5.799975204467773,0.9874451994895936,0.9872442126274108,5.308277320861817,4.639503645896911,7.8701189994812015,3.4374585181474684,0.8557646155357361,0.8467284440994263,0.9131333453926718,0.553384088700944,0.9139976451089978,0.5503285180563179,0.9844096976789996,0.6937861309617858,0.9742036499299848,0.8996237496609165,0.9569134394232476,0.7478956653503755,0.9565554241478562,0.7784782656990792,131200.0,0.0257963500700151,0.1333242565393448,0.1003762503390835,0.5794338345527649,0,2,9,0,9,9,9,1,3,0,8,4,9,9,9,9,0,9,9,2,9,9,9,9,9,9,9,2,4,0.0101072675432044,0.0260601666272535,0.0586660498812871,0.0280319625655133,0.2990783088956935,0.0016641867865961,0.001670146083422,0.0754813544063417,0.6008886365943747,2.09274409137754,0.3622929635373734,3.999186686143749,0.0272388146814636,0.0220901334560363,0.0090764847428126,0.0648794208194721,0.0089851411784679,0.0663048846495433,0.0031853896927235,0.0708661058001106,0.0025932941888565,0.0809930782658121,0.0031853896927235,0.0708661058001106,0.004585542900593,0.0455096973592558,0.0045442998424088,0.0317155272654957,60.0,0.1251762956380844,8.046797752380371,1.102216720581055,7.539702415466309,5.288177490234375,0.9842662811279296,0.984034538269043,0.4651963710784912,4.739837169647217,1.02400004863739,7.373983860015869,0.0,0.8239666819572449,0.826045036315918,0.8959292416408244,0.4813868940037105,0.8970166091821059,0.4790811287535597,0.0218204477511554,0.0095238099292832,0.9821779186840672,0.6170886154263431,0.96968261446391,0.8045976918427991,0.9481973280128512,0.704819286473518,0.9479401035379276,0.7421875,131130.0,0.1531122326850891,8.111662864685059,1.27667498588562,7.610837459564209,6.224565982818604,0.9889090061187744,0.9886198043823242,0.6660904288291931,6.306451797485352,7.375,8.22580623626709,8.370967864990234,0.8955318331718445,0.8862425088882446,0.9206417071350846,0.6408268283462089,0.9215976926204724,0.64166738654474,0.03031738553609,0.1954023081572009,0.9889577982464868,0.826638476578959,0.9781795522488446,0.9904761900707169,0.9607347891426647,0.8145833375517071,0.9603125492480988,0.8205645198993865,131290.0,0.9137285487235646,0.8968181682080836,0.9212403196918733,0.0089489534114412,9.0,0.5619706497683387,0.4871997125591767,0.6410826835164453,0.0605437471686715,9.0
C+_mpf_PTx8_Ptrd_ProgPos_AW1e4D1e4_blos_24,8.196294593811036,0.2693240135908127,3.882536697387695,7.745149040222168,0.7924671530723572,0.78366619348526,7.217440700531005,1.758638745546341,6.0860308647155765,7.734653949737549,0.8044469356536865,0.7828739285469055,0.4715002018529796,0.5160350988407052,0.4659109947271299,0.5210859889662968,0.9988239867935776,0.9435354792070292,0.6711897685236864,0.7499455874062434,0.7922421262480942,0.7684383723004189,0.7391584190910959,0.7563846583206504,328000.0,0.3288102314763136,0.1843608230352401,0.2500544125937565,0.5691704094409943,0,24,24,0,24,24,0,24,23,0,23,23,24,14,24,14,0,0,24,24,24,12,24,14,24,24,24,24,23,0.0111161495391039,0.0070788119628832,0.0310653842672677,0.4020466847126749,0.0425083147252739,0.021758399084904,0.0197740931706481,0.0478134202302342,0.7323246802856895,1.5684205868480745,1.0278676427344933,1.1065954817185013,0.0339413334429906,0.0368613406974089,0.0527790110243405,0.0552879995109121,0.0530148202803525,0.0585983500086092,0.023421435913098,0.0807187659064081,0.0009547250495652,0.1004085753310921,0.023421435913098,0.080718765906408,0.0167724403108745,0.0467302840996398,0.0256531114737998,0.0264573601551501,150.0,0.1630949974060058,8.188424110412598,0.2344913184642791,3.5297765731811523,7.663793087005615,0.7755052447319031,0.7653419971466064,0.4991884529590606,5.758333206176758,0.2741935551166534,5.056000232696533,5.525000095367432,0.7431343197822571,0.7172259092330933,0.4311690482466941,0.4334232843314246,0.4252705322113446,0.4291300081629001,0.2846068566003109,0.0990338164877175,0.9975936230011656,0.7430107477097473,0.6525621504364563,0.6821705433520179,0.7801219496888889,0.6800486607101642,0.7196834492482193,0.7197916644858197,327825.0,0.1959318965673446,8.209157943725586,0.3118811845779419,4.633005142211914,7.783415794372559,0.8346849679946899,0.822142481803894,0.6484811902046204,7.650406360626221,4.641666889190674,7.800000190734863,8.365853309631348,0.8460224866867065,0.8281952142715454,0.5705482824332524,0.5796601676608082,0.5654076136126953,0.5893000368496928,0.3474378495635438,0.3178294566479822,0.9996992933616016,0.9989429175960894,0.7153931433996892,0.9009661835122824,0.8239270520616225,0.8126110057645413,0.7873372970318596,0.7869852571302767,328225.0,0.5309358797301217,0.4966677443531734,0.6141412846731104,0.0442895941609609,24.0,0.549096703464431,0.4611517230189089,0.6208138085427215,0.0572704175846952,13.0
M+_mpf_Persistant_24,4.884989547729492,3.6920040607452393,21.97862854003906,1.4034680366516112,0.8463188648223877,0.8136628270149231,1.1648000121116635,0.979200005531311,12.87840003967285,0.9648000121116638,0.8784050822257996,0.850216293334961,0.5564517735883576,0.4740786840814966,0.5095175459303052,0.4735920107245501,0.5695422967056712,0.5432835832306246,0.7767725026973242,0.5466168133352944,0.6571065547096572,0.5441339752608579,0.840561615875502,0.878405083777045,328000.0,0.2232274973026757,8.391045475006104,0.4533831866647055,1.864911770820617,0,0,0,0,0,0,0,0,0,0,0,0,0,0,0,0,0,0,0,0,0,0,0,0,24,0,0,0,0,0.4708497586910862,0.1399955544487577,0.1381989565714547,0.0626178107407075,0.0406973299653909,0.0033812699219041,0.0037883218219427,0.1372122765662939,0.1228566667349369,0.1228566653376838,0.089141502734768,0.0955455959932064,0.0089464493625414,0.0102916111937039,0.0138007396497562,0.0464338933798006,0.0156754336728127,0.0566492113255495,0.0054638726590435,0.0348242372646925,0.0162080443088251,0.0573025495594159,0.0054638726590435,0.0348242372646925,0.0119912631189452,0.0418215330479513,0.0040979724889504,0.0089464375749594,150.0,7.520598888397217,4.680487632751465,3.4560976028442383,21.897809982299805,1.3390244245529177,0.8425233364105225,0.8094204068183899,1.7442479133605957,0.9679999947547911,0.7919999957084656,12.760000228881836,0.8320000171661377,0.8609304428100586,0.8301258087158203,0.5399442176418452,0.385540599814574,0.4890394447910808,0.3758137402963579,0.213563134242145,0.4176706947477954,0.5462567446668742,0.4514925361723604,0.7702909668174489,0.4801587340304415,0.6416986979185287,0.4653846165969879,0.8365120536977033,0.8609304680778573,327825.0,8.82186222076416,5.11951208114624,3.8878049850463854,22.06341552734375,1.459854006767273,0.8526803255081177,0.8207942247390747,2.1329214572906494,1.3519999980926514,1.1759999990463257,12.991999626159668,1.0880000591278076,0.8862725496292114,0.8593126535415649,0.58199213457323,0.5215984082309706,0.537579263366589,0.5520297110857495,0.2297090331825511,0.5198412659695584,0.5969852021954413,0.6305970158589779,0.786436865757855,0.5823293052522045,0.67873887831353,0.5898778285534045,0.8484478691416985,0.8862725397285516,328225.0,0.5678758412464837,0.5540667212707333,0.5914571708676493,0.0124864826381647,0.0,0.4745602992882787,0.3857819149880921,0.5230843855715425,0.0466958461348422,0.0
M+_mpf_PTx8_RtdXall_LowC2_AW8e6D1e3_blos_24,4.301005744934082,0.1948510885238647,9.546112632751464,11.569540977478027,0.8801133751869201,0.8593782544136047,2.140201377868652,0.9199686706066132,11.409588813781738,13.361247062683104,0.8113861322402954,0.7477982640266418,0.6834733636310018,0.3178242252834365,0.7828092030461298,0.4591546294390538,0.9981621750122722,0.9931034483727226,0.6610849194397377,0.3631595038840037,0.7847738717961249,0.4351212687503681,0.8572031731042735,0.7920838705055923,118080.0,0.3389150805602624,0.3396098852157593,0.6368404961159962,0.6103417873382568,0,5,8,0,8,8,0,8,7,0,7,7,8,6,8,2,0,0,8,5,8,6,8,7,8,8,8,5,7,0.0122882111444648,0.0120018657265524,0.0258053888610831,0.1129592433353323,0.0280504253109774,0.0086184693184156,0.0092783786791394,0.1203676363929691,0.0531136905846317,0.38506700935626,0.9646851904561295,0.7602962727991978,0.0628455172556982,0.0729855848032536,0.0132611424338135,0.0550003452924761,0.00984037228413,0.0481320458569393,0.0117375505894708,0.0787458115684297,0.0005617290406495,0.0137931032545548,0.0117375505894708,0.0787458115684297,0.0082546756451398,0.0438809696777409,0.0070110949098713,0.040778130529981,54.0,0.3193313181400299,4.285714149475098,0.1625615805387497,9.405707359313965,11.53473949432373,0.8706777095794678,0.8502869606018066,0.4542328715324402,2.04878044128418,0.4560000002384186,10.119999885559082,11.845528602600098,0.716678261756897,0.6454566121101379,0.6654635849604261,0.2496770118695973,0.7684554664912013,0.414439902342488,0.3201460612746704,0.5170454590423571,0.9974204643059864,0.9655172418636128,0.6461390025630335,0.2630966156410322,0.773425770354212,0.3686635834830148,0.8478547634274294,0.7324937018102025,118017.0,0.3571322560310364,4.320544719696045,0.2282878458499908,9.722084045410156,11.612903594970703,0.894763708114624,0.8753716349601746,0.8151858448982239,2.2083332538604736,1.5322580337524414,12.991869926452637,13.813008308410645,0.9060832858085632,0.8644964694976807,0.7047117598171175,0.3788576703533531,0.798361741782613,0.5304252110696739,0.3538609974369665,0.7369033843589677,0.9991366906716008,1.0,0.6798539387253296,0.4829545409576429,0.7980471635060795,0.4892473170482737,0.8683536441993566,0.8586680230436592,118161.0,0.7110018761024238,0.6955355044225691,0.7286463036662557,0.0110038313559486,8.0,0.3450962862683251,0.2557860261133205,0.4044064722765256,0.0526457085208572,6.0
M+_mpf_PTx8_RtdXall_LowC_AW6e6D1e3_blos_24,4.29852180480957,0.3225973546504974,9.261247634887695,11.575444984436036,0.8400940895080566,0.8119712114334107,2.138424158096313,0.9414089620113372,11.617252540588378,13.623353195190427,0.8251898884773254,0.7632506251335144,0.6279870569506933,0.3324997794062826,0.7258502333201855,0.4415616943374755,0.9975863041345476,0.9924582448841074,0.6245620782711649,0.3688770632161467,0.7481353985177823,0.4415957626770101,0.8306099336821507,0.8033447549900051,118080.0,0.3754379217288351,0.567628276348114,0.6311229367838533,0.6089857459068299,0,6,8,0,8,8,0,8,7,0,7,7,8,6,8,5,0,0,8,6,8,6,8,7,8,8,8,6,7,0.0168371697769788,0.011042909029657,0.0298796332233327,0.141866035433274,0.0209150365547938,0.010400755959623,0.0116046875001199,0.1198036630133198,0.0219276368222934,0.3595477556813989,0.9727692302205204,0.1795676141402772,0.0642742992800661,0.0685162038315035,0.0145560751607766,0.0475109433890621,0.0103498430375466,0.1107636647571621,0.0131850042768478,0.0483461838366224,0.0005052025928181,0.0063076132572161,0.0131850042768478,0.0483461838366223,0.008803116513267,0.0391161494476164,0.0082303953114434,0.043384585697526,54.0,0.5414059162139893,4.289408683776856,0.2672413885593414,9.039408683776855,11.549628257751465,0.822998046875,0.7922515273094177,0.5038442015647888,2.111999988555908,0.4239999949932098,9.736000061035156,13.303999900817873,0.7008784413337708,0.6335686445236206,0.6075037010966148,0.2787312341587293,0.7149370114409139,0.2450512625204697,0.3570293797049704,0.5638297835913866,0.996837262868116,0.9811320755990132,0.6040441397191457,0.2999999958024898,0.7360286878351299,0.3904761902527294,0.8184549085832405,0.7183879206066953,118017.0,0.5906404852867126,4.31930685043335,0.3490099012851715,9.449131965637209,11.613300323486328,0.8548755049705505,0.8277069330215454,0.840676486492157,2.1666667461395264,1.4354838132858276,12.46774196624756,13.854838371276855,0.8771122097969055,0.8240583539009094,0.6497446796901817,0.4173582609247005,0.7424180772044293,0.5501453549335356,0.3959558602808542,0.7000000041975102,0.998280309446438,1.0,0.6429706202950296,0.4361702164086134,0.7614344562329506,0.5117004736588662,0.8425056358753936,0.83324860201146,118161.0,0.6568168788877486,0.6423494865928221,0.6749057027842388,0.011585843308368,8.0,0.3500864161996023,0.2835768760553097,0.4265632945420419,0.0464074239814783,6.0
M+_mpf_PTx8_RtdXall_LowC2_AW1e5D1e4_tfix_blos_24,4.302235412597656,0.1970616847276687,9.978063774108886,11.543799591064452,0.91416654586792,0.8974849700927734,2.089289569854736,0.9747398257255554,11.519736289978027,12.04167709350586,0.8308653354644775,0.7809667110443115,0.7387751772637239,0.3247880882298777,0.8237601481601186,0.4369266011847272,0.998448559143908,0.9696085796298666,0.7105346405509562,0.3738477072390955,0.8200413194039852,0.4382904904070597,0.885286209666682,0.7986380066158197,118080.0,0.2894653594490438,0.2812323212623596,0.6261522927609046,0.5859542608261108,0,4,8,0,8,8,0,8,5,0,5,5,8,7,8,3,0,0,8,5,8,4,8,7,8,8,8,5,5,0.0104122648837707,0.0102589176278989,0.0187825378696562,0.0816934368573163,0.0420080211415086,0.0052913783121892,0.0061499790292258,0.165208182184693,0.0672001748903186,0.2905772921240676,1.496408363995403,1.7179731579798785,0.094142170738073,0.1010523197155969,0.0125201547805957,0.0249947811083369,0.00957096082894,0.0706619663600533,0.0112603853254203,0.0766514564870385,0.0004681595711446,0.0288716140504291,0.0112603853254203,0.0766514564870385,0.0082726106714389,0.0392766617276813,0.00600998055367,0.0201818566315702,54.0,0.2666060626506805,4.293103218078613,0.1724137961864471,9.870049476623535,11.49381160736084,0.9072112441062928,0.8884857892990112,0.4591866433620453,1.9674797058105469,0.6800000071525574,8.751999855041504,8.869918823242188,0.6511326432228088,0.5926446318626404,0.723560316177248,0.29352899079808,0.8125174218762936,0.2993626347351243,0.276253739008458,0.5148148006863065,0.9979821273944044,0.927203065456968,0.6966059587880022,0.2655699143487904,0.8101083019707412,0.3938814420763424,0.8778543220680208,0.7672543993831025,118017.0,0.2940123677253723,4.320544719696045,0.2240099012851715,10.080645561218262,11.60918140411377,0.9216364622116088,0.905980944633484,0.9036738872528076,2.170731782913208,1.5,12.758064270019531,13.780488014221191,0.9078955054283142,0.8712760210037231,0.7543655927794983,0.3597194823386748,0.8365556651388362,0.5009584628221624,0.3033940412119978,0.7344300856512096,0.9991401547138072,1.0,0.723746260991542,0.4851851993136936,0.8302397127877748,0.4984227257457067,0.8928044759957606,0.8286290368846346,118161.0,0.7580308241958853,0.7448164931298277,0.7720671644650534,0.0110549497942421,8.0,0.3529970182638632,0.3019547250657977,0.4103262477548561,0.0381451833916241,4.0
M+_mpf_PTx8_RtdXall_LowC2_AW1e5D1e4_blos_24,4.300249767303467,0.2146018713712692,9.94468650817871,11.53676986694336,0.9094053506851196,0.8920930743217468,2.145157480239868,1.1241746068000793,12.033552169799805,12.183506202697751,0.8567198395729065,0.8015275359153747,0.7337945173221578,0.3189011135318297,0.8196893902950728,0.4358820097892305,0.9979895718485704,0.99547995022169,0.7063331522600896,0.3742912792691109,0.8167856794068425,0.4367769830956815,0.8828720966100831,0.8179434668032076,118080.0,0.2936668477399103,0.2891921401023865,0.6257087207308892,0.5513778388500213,0,5,8,0,8,8,0,3,4,0,4,4,8,5,8,5,0,0,8,4,8,5,8,4,8,8,8,4,4,0.0149300930701607,0.007454268722787,0.0242432489172927,0.0998458091676953,0.0532886126894422,0.0079313055340407,0.0096692134664253,0.0717085804552175,0.0367527840041761,0.4794319127552811,0.7818591706474917,1.510528912539466,0.0449981741103375,0.0547175964440659,0.0138426469441344,0.0391387598985344,0.0103903566755403,0.0677985136158142,0.012733202615258,0.0362059336980797,0.0011179025749444,0.0043779635798256,0.012733202615258,0.0362059336980797,0.0090154026891687,0.0306163210454611,0.0067725346192297,0.0309378965804753,54.0,0.2659164071083069,4.291563510894775,0.1782178282737732,9.819307327270508,11.472772598266602,0.9020646214485168,0.8837090730667114,0.4923077225685119,2.1040000915527344,0.527999997138977,10.543999671936035,10.336000442504885,0.7713522911071777,0.6979587078094482,0.7155372019954372,0.2514728555665982,0.8055869819613644,0.3153824666682292,0.2715274807097679,0.5726027498193342,0.9965684873190503,0.9887218048995704,0.6901727126114109,0.3156996652120997,0.8048429747352558,0.3985890718308219,0.8739840624586024,0.7571788391315042,118017.0,0.3065854012966156,4.313118934631348,0.2487623691558838,10.122828483581545,11.620689392089844,0.9232625961303712,0.9088435173034668,0.6873360276222229,2.2083332538604736,1.7073171138763428,12.796748161315918,13.846774101257324,0.8936097025871277,0.8494555950164795,0.7577595458922604,0.3531974291553065,0.8372846235380635,0.4906873713596682,0.3098272873885891,0.6843003347879003,0.99942676984637,1.0,0.728472519290232,0.4273972501806657,0.8322827807053376,0.4699738953129468,0.8946673900786599,0.8429079779746229,118161.0,0.7535723426738763,0.7374909131874858,0.7743389053305306,0.0120658562282192,8.0,0.3485219470954578,0.2995467696886378,0.3825344959470035,0.0312709036517248,5.0
M+_mpf_PTx8_RtdXall_LowC2_AW6e6D4e3_b_blos_24,4.301743888854981,0.1871514171361923,8.819560241699218,11.578966522216795,0.8191415309906006,0.796020793914795,2.1079301834106445,0.954852020740509,11.597359657287598,12.340075492858888,0.8304293870925903,0.7675955772399903,0.5962304489279463,0.3150609124159537,0.7130835506670099,0.4320801542147034,0.998334324804454,0.9780858901585991,0.5909099385489746,0.3586038846032531,0.730890241388054,0.4290196926518873,0.8097385456067073,0.8012058733318987,118080.0,0.4090900614510254,0.4285557091236114,0.6413961153967469,0.5819686830043793,0,6,8,0,8,8,0,6,8,0,6,6,8,8,8,4,0,0,8,6,8,4,8,8,8,8,8,6,6,0.0175864408145253,0.0107408729525793,0.0214459350880006,0.162742125189114,0.030337805341846,0.0122959258156407,0.0122057966465251,0.0599822446511209,0.0757726294212984,0.3633363281464867,0.5994208972196454,1.2168501696263223,0.0431033092079254,0.052959171085145,0.0191557473607864,0.0324538742625434,0.01686251870742,0.0944890126911793,0.0141022281156001,0.0334026290587514,0.0006135228774531,0.0271901240226297,0.0141022281156001,0.0334026290587514,0.011661699837648,0.0457636927792,0.010769031618252,0.0216301151299203,54.0,0.4020781815052032,4.290640354156494,0.1637931019067764,8.562034606933594,11.532177925109863,0.8007007241249084,0.7790204286575317,0.4970652163028717,1.9919354915618896,0.6079999804496765,10.776000022888184,10.564516067504885,0.7865415215492249,0.713215708732605,0.5657120011097005,0.2796335680557089,0.6864384370876464,0.3013645773626656,0.3872090822351259,0.5918367423896044,0.9976998274048214,0.9285714275790848,0.5686577277990935,0.3148479422387595,0.7123965055662581,0.3746701741313841,0.7924586800315011,0.7717884101786836,118017.0,0.4573251903057098,4.31930685043335,0.2153465300798416,9.05831241607666,11.625309944152832,0.8391282558441162,0.8165587186813354,0.658818781375885,2.2083332538604736,1.5,12.596774101257324,13.791666984558104,0.8934277296066284,0.8447329998016357,0.6262020597776334,0.3707769299412676,0.7395136209420214,0.5292135231938078,0.4313422722009064,0.6851520577612404,0.9994244604068054,1.0,0.612790917764874,0.4081632576103956,0.7492717956686336,0.4926253703808945,0.8262827004103683,0.8361895152784493,118161.0,0.6379945277832466,0.6120490790049273,0.6638668410716946,0.0164062848727581,8.0,0.3381065822383569,0.2622866834006931,0.4042314019463868,0.0591489984332437,4.0
M+_mpf_PTx8_RtdXall_ProgPos_AW1e5D1e4_blos_24,4.302734756469727,0.3812428712844848,11.544050598144532,11.61458969116211,0.9971221089363098,0.9962624430656432,2.10252366065979,1.514536428451538,12.779210090637209,13.02089500427246,0.8519099473953247,0.7909018635749817,0.9717724193173642,0.3037285659303314,0.9785495834031208,0.4307177172358735,0.998565315228898,0.975899522416581,0.968884945819354,0.3912654492838814,0.9794643148037344,0.4172793592554383,0.9888068151447972,0.840148087897356,328000.0,0.031115054180646,0.0253016855567693,0.6087345507161186,0.5593236804008483,0,6,24,0,24,23,0,20,20,0,20,7,24,6,24,3,0,0,24,15,24,6,24,20,24,24,24,15,7,0.0021538797131293,0.0086795540571862,0.0251050897541156,0.0229131788989562,0.0161573538814108,0.0004510680614792,0.0009374838917827,0.0760069223070573,0.0115660526203141,0.1617961065109839,0.3672317629970117,0.5444588677903004,0.0182176764254001,0.0613125220492308,0.0035848594867359,0.0364720531481393,0.002801569981611,0.0618452157337735,0.004474445781268,0.0452695101586706,0.0005973725703531,0.0129443428934826,0.004474445781268,0.0452695101586706,0.0025918211120649,0.036822693810134,0.0014367416582786,0.0159799766021754,150.0,0.0229383762925863,4.290640354156494,0.3448275923728943,11.51612949371338,11.597772598266602,0.9963014721870422,0.9946081042289734,0.4903201758861542,2.0799999237060547,1.3870967626571655,12.21774196624756,12.260162353515623,0.8302556872367859,0.7078205943107605,0.9659580399665674,0.265473327851323,0.9738710946104456,0.3373611554734967,0.0246458928261785,0.5384615336414389,0.9974263653064528,0.954716980813788,0.9629109290485044,0.3425414275946204,0.975241889068048,0.3553718894681405,0.9864938290601452,0.8109879046678543,327825.0,0.0286521557718515,4.316831588745117,0.4094292819499969,11.576732635498049,11.635467529296877,0.9975516200065612,0.9971730709075928,0.6863952875137329,2.112903118133545,1.813008189201355,13.325202941894531,13.70161247253418,0.874873161315918,0.8582709431648254,0.976112790741467,0.3626511903093156,0.9815521809526696,0.5062190144151646,0.0370890709514955,0.6574585724053796,0.9991374353046776,0.9923371646702408,0.9753541071738214,0.4615384663585611,0.982591323955144,0.469719358376102,0.99055654474779,0.8556176856256982,328225.0,0.971887322264311,0.9661078168948654,0.9761633873776022,0.0035546884103249,24.0,0.3251888623460699,0.2685351849893483,0.3756698913587067,0.0346256847130643,6.0
M+_mpf_PTx8_RtdXall_LowC2_AW1e5D1e4_hOpt_blos_24,4.301244068145752,0.2168692380189895,9.989113998413083,11.557394409179688,0.912452220916748,0.8959911108016968,2.1301043033599854,1.0076186418533326,11.68533420562744,12.9311429977417,0.8278859853744507,0.7690920233726501,0.736827616134746,0.3226926172363936,0.8198685343104885,0.4220928076175099,0.9982190812403692,0.9886934314107174,0.7108393556473901,0.3654113269140917,0.8185128360681804,0.4376160867290178,0.8846762735140665,0.8032647774118701,118080.0,0.2891606443526098,0.2868584513664245,0.6345886730859084,0.6179637551307678,0,4,8,0,8,8,0,6,6,0,6,6,8,7,8,7,0,0,8,6,8,7,8,6,8,8,8,6,6,0.0156991200211967,0.0096156402102331,0.0264545210791934,0.0839156413240596,0.0192210266568067,0.0065417866805664,0.0071851873833156,0.20704582883449,0.0218444682288162,0.3215511118084675,1.0972708675813845,1.2922026474487316,0.0781942401643519,0.0836838349902362,0.0126644562209544,0.0353933312024774,0.0109623535405048,0.0556769033891523,0.0107095580809234,0.0541857670183468,0.0008409234458163,0.0150872718407667,0.0107095580809234,0.0541857670183468,0.0083748969864229,0.0260615873209952,0.0060250022791093,0.0498828026063782,54.0,0.2710350751876831,4.291563510894775,0.1785714328289032,9.89480209350586,11.53225803375244,0.9041183590888976,0.8873804211616516,0.4855059683322906,2.1048386096954346,0.4480000138282776,9.543999671936035,10.370967864990234,0.673900306224823,0.6050757169723511,0.7165020620394457,0.2711383360270606,0.7999722431252896,0.3713016523890133,0.2713819364510585,0.5547945435917563,0.9971173250046736,0.9622641498612188,0.6962822884600515,0.2853260717168981,0.8047093048837246,0.4103671692013593,0.8754547567163596,0.7068009917657496,118017.0,0.3139366805553436,4.316831588745117,0.2586633563041687,10.1327543258667,11.581280708312988,0.922325849533081,0.9069159030914308,1.0294415950775146,2.170731782913208,1.4065040349960327,12.55284595489502,13.821138381958008,0.881629467010498,0.8289059400558472,0.7552515593196052,0.3645122169726993,0.8326573379291091,0.5210511256398089,0.3037177115399485,0.7146739282831018,0.9991401547138072,1.0,0.7286180635489414,0.4452054564082437,0.830357143176295,0.4818976275637162,0.8938135510656657,0.8510421937215554,118161.0,0.7553152066456061,0.7355424858578695,0.7710595709535795,0.0116497681557787,8.0,0.3445436754482994,0.308652823746244,0.4006377208049404,0.0325995434336677,7.0
M+_mpf_PTx8_RtdXall_LowC_AW1e5D1e4_hOpt_blos_24,4.296781826019287,0.3228570193052292,10.074940299987793,11.470454597473145,0.9158753871917724,0.8974020957946778,2.08020133972168,1.141822063922882,12.119626235961912,12.22807502746582,0.851248824596405,0.7938523292541504,0.7409496434162148,0.3287309551089847,0.8174490607276855,0.421328789607827,0.997181774565607,0.9660886142751832,0.7195474644161315,0.3946713611135058,0.8206170738337277,0.4365957021520208,0.8874118384830106,0.8236523446057502,118080.0,0.2804525355838685,0.3583543300628662,0.6053286388864942,0.5962240040302277,0,3,8,0,8,8,0,5,7,0,7,7,8,3,8,3,0,0,8,7,8,3,8,7,8,8,8,7,7,0.0161379053295739,0.0131028842045571,0.0416050873593158,0.1174254735797104,0.0425802214588881,0.0061959212097153,0.0071235333280249,0.2442716904905105,0.0872783376652403,0.4230646174431418,0.8669742631769121,2.3408992354541915,0.0639528754257109,0.0777294073568707,0.0156772346636184,0.0634838175687358,0.0117175972104027,0.1199343078838394,0.0151114272590377,0.0558544512413428,0.0012318226576838,0.0526142143528029,0.0151114272590377,0.0558544512413429,0.0102469160928079,0.0544190305225896,0.0075796003785457,0.0352168763143322,54.0,0.3395628929138183,4.284119129180908,0.2475369423627853,9.965346336364746,11.410670280456545,0.9081602096557616,0.8886350989341736,0.4347535967826843,1.9083333015441888,0.3759999871253967,10.496000289916992,7.796748161315918,0.7283143997192383,0.649246096611023,0.7234791359447449,0.2701399023856305,0.8008644469314765,0.2648798699799364,0.2529822126357233,0.5092250834856529,0.995387719865482,0.8641509367758458,0.7064003490233224,0.3250414508047307,0.8087042090755752,0.3647058813382185,0.8795572445717762,0.7596977346425661,118017.0,0.3879317343235016,4.321782112121582,0.3725247383117676,10.285359382629396,11.523399353027344,0.9259492754936218,0.9083114266395568,1.0799272060394287,2.145161390304565,1.6178861856460571,13.008130073547363,13.861788749694824,0.9096143841743468,0.877351701259613,0.7691723962877779,0.4465845052033794,0.8373632276555012,0.5628530605932935,0.2935996509766775,0.6749585491952693,0.9985702030050788,1.0,0.7470177873642767,0.4907749165143471,0.8389787703089797,0.5163934348139573,0.901109989345686,0.8593749979045242,118161.0,0.7567909095309842,0.7398734448902172,0.7814366107936188,0.0138535651807328,8.0,0.3583203515058584,0.2702386550412216,0.448766352984547,0.0695793682555902,3.0
M+_mpf_PTx8_RtdXall_ProgPos_AW2e5D4e3_blos_24,4.302241516113281,0.4156502306461334,11.572513008117676,11.533660888671877,0.9979421257972716,0.99730886220932,1.7651585578918456,1.5238654851913451,12.86603832244873,7.955237007141113,0.8703747034072876,0.813159441947937,0.978153302349506,0.3224674081222566,0.9840189012695358,0.4128313489643821,0.9984495689265758,0.8194157529326486,0.9752165889109408,0.4124377895452105,0.98409995487219,0.4353514254825329,0.991343147612134,0.8449721876476038,328000.0,0.0247834110890593,0.0178677504882216,0.5875622104547895,0.4978483617305755,0,5,21,0,21,21,0,15,15,0,8,8,24,3,24,3,0,0,21,13,24,3,24,15,24,21,24,13,8,0.0041111014422196,0.0110236253278904,0.0444903749974562,0.0087878816816389,0.0085473558246219,0.0005538543628441,0.0007531485357036,0.0484623905368902,0.3375482778560317,0.2183572564644746,0.3874876376233508,3.104902776626834,0.0178170008338779,0.0253977657777118,0.0051345937734736,0.0519548121208013,0.0037991223690522,0.0576178211637407,0.0020569020912506,0.0437106456089064,0.0005322825404111,0.1582191723464747,0.0020569020912506,0.0437106456089064,0.0037236167490674,0.0345507268960721,0.0020471451630159,0.0121140588841543,150.0,0.0113539062440395,4.288177490234375,0.3706896603107452,11.55831241607666,11.524813652038574,0.9973211884498596,0.9966105818748474,0.4395059049129486,1.1854838132858276,1.2583333253860474,12.392000198364258,3.903225898742676,0.8388133645057678,0.7694187164306641,0.972479699349182,0.2446991080400656,0.9801619250046862,0.3428939109983333,0.0223542733855888,0.5371179003839268,0.9979856115906076,0.5526315723665626,0.9723554291535874,0.3512747816758268,0.979980121129478,0.4016877708971753,0.9890858422437744,0.8236775806159844,327825.0,0.022972859442234,4.321782112121582,0.4739454090595245,11.58539581298828,11.545791625976562,0.9987101554870604,0.9984070658683776,0.5761042237281799,2.095999956130981,1.8373984098434448,13.42276382446289,12.910569190979004,0.8893980383872986,0.8412235379219055,0.9863339602882956,0.3970752714833503,0.9900889268929204,0.4985762820567587,0.0276445708464125,0.6487252183241732,0.9994234649858986,0.9849624050015288,0.9776457266144112,0.4628820996160732,0.9900284902982645,0.4899999978542328,0.9946083340371566,0.860193181824535,328225.0,0.9782415840927812,0.97261993263176,0.9863671194657196,0.0050944900164132,24.0,0.3459660061621235,0.3069232629807955,0.4009068098803706,0.0348749137764016,3.0
M+_mpf_PTx8_RtdXall_LowC2_AW6e6D1e3_hOpt_blos_24,4.295550441741943,0.3329854726791382,9.308613967895509,11.559603881835937,0.8434402108192444,0.8154808163642884,2.14507942199707,1.0352001011371612,11.86111526489258,13.691096305847168,0.8308353424072266,0.768002963066101,0.6326464225839149,0.3158594603898359,0.7289180349927566,0.4026908995602579,0.99689646192322,0.9954195187616288,0.6288298103638738,0.3712881721612073,0.7508958619418811,0.4265018201764191,0.8333064768970615,0.8125934316940157,118080.0,0.3711701896361262,0.5612468838691711,0.6287118278387925,0.6250999808311463,0,6,8,0,8,8,0,5,5,0,5,5,8,5,8,8,0,0,8,5,8,8,8,5,8,8,8,5,5,0.01010940063429,0.011895262822583,0.0336308570075002,0.1149764369218018,0.0242399021679504,0.006401526566601,0.0064665664975137,0.1066176046179351,0.0416353487137296,0.339837202793486,0.8388598705992637,0.2095347906211833,0.0552627004077967,0.0649738663120438,0.0099632590281987,0.05411772841468,0.0078898658780878,0.0749576325569932,0.0095531863124641,0.0415538778133978,0.0009384668735343,0.0074312501088548,0.0095531863124641,0.0415538778133979,0.0058103775278559,0.0286893953468192,0.0058533448394569,0.0319502466836584,54.0,0.5464473962783813,4.284653663635254,0.2758620679378509,9.13242530822754,11.528465270996094,0.8344647884368896,0.8075807094573975,0.5282219648361206,2.081300735473633,0.4799999892711639,10.32800006866455,13.276422500610352,0.7287141680717468,0.6523146629333496,0.6159726837781265,0.2443725023294378,0.716814975502333,0.318463490028372,0.3591828679643153,0.5537974851155507,0.995399655258542,0.9808429118773946,0.6144442384489581,0.3249211343121093,0.7413206291906876,0.3939899742831056,0.8236113231931421,0.7541561717091423,118017.0,0.5739330053329468,4.316831588745117,0.3725247383117676,9.433002471923828,11.602216720581056,0.8511235117912292,0.8222767114639282,0.8265422582626343,2.2083332538604736,1.4919354915618896,12.758064270019531,13.846774101257324,0.8912662863731384,0.84175044298172,0.6464611486805645,0.3944559171145741,0.739019269969702,0.5127128390439779,0.3855557615510419,0.6750788656878907,0.9979936945459832,1.0,0.6408171320356847,0.4462025148844493,0.759252726711175,0.4801178185243901,0.840953195691096,0.8442708293558098,118161.0,0.6604169074388646,0.6471285849839425,0.6716729529066473,0.0080212340603261,8.0,0.3356702819108162,0.2903463682518934,0.3886833664909639,0.0332590925317999,8.0
M+_mpf_PTx8_RtdXall_ProgPos_AW1e5D1e4_b_blos_24,4.30149097442627,0.392117440700531,10.875756645202635,11.615077781677249,0.9677746057510376,0.9624272227287292,2.1350241184234617,1.3061889171600345,12.246726608276369,13.491579627990722,0.8643253087997437,0.8123044967651367,0.8474262875217669,0.2829047924761306,0.8850351542748612,0.3621524410456974,0.9982761958929606,0.9909115334359828,0.8363673252095353,0.3507730799111312,0.891272603775044,0.390504877596478,0.9372304936041086,0.8203634538578332,157440.0,0.1636326747904646,0.1095807865262031,0.6492269200888688,0.5343962132930755,0,6,11,0,11,11,0,9,6,0,6,6,11,8,11,2,0,0,11,8,11,8,11,6,11,11,11,8,6,0.0059676753338901,0.0097797027581922,0.0284424704065883,0.0838125808798629,0.0110009951075185,0.0040895041820324,0.0048468626071718,0.048638637005485,0.0247028194115751,0.1828190032818196,0.5113027730834676,0.3909954643638766,0.027477967611454,0.0404442303230078,0.0135231512947286,0.0399636030349642,0.0102107229280011,0.0543446834196967,0.0139756721720919,0.0301005018452744,0.0007052843912919,0.0113543495484998,0.0139756721720919,0.0301005018452744,0.0093318445142216,0.0411942061264512,0.0058772701857418,0.013696062421911,72.0,0.1005954593420028,4.293103218078613,0.3546797931194305,10.752474784851074,11.599255561828612,0.9615474343299866,0.9548508524894714,0.4918449223041534,2.09756088256836,1.0499999523162842,11.479999542236328,12.824000358581545,0.8175013661384583,0.7427363991737366,0.8299594873951551,0.2160853068508939,0.8725136046828177,0.3118068912844089,0.1404233362578119,0.5993485348090745,0.9971223021088546,0.9698113190105012,0.8178018259752647,0.3120567233912885,0.8794288778804117,0.3241252209031304,0.9294445288275645,0.8015113260988808,157356.0,0.1184663027524948,4.320544719696045,0.4405940473079681,11.004962921142578,11.630541801452637,0.9731409549713136,0.968897819519043,0.6245834827423096,2.170731782913208,1.544715404510498,12.666666984558104,13.830645561218262,0.8887404203414917,0.8539735078811646,0.8690129918528633,0.3309460989792507,0.9004871045212188,0.4609617725662362,0.1821981740247352,0.6879432766087115,0.9991401547138072,1.0,0.8595766637421881,0.4006514651909255,0.906245746220148,0.4300699322560264,0.9465435643241528,0.8377016124300538,157548.0,0.851088136651508,0.8346865325924953,0.8715239483035038,0.012849324923749,11.0,0.2893742663047717,0.2329535028627389,0.3433774371902496,0.0393397461779411,7.0
M+_mpf_PTx8_RtdXall_EquiM_AW8e6D1e3_blos_24,4.294810771942139,0.9844990968704224,10.91103172302246,11.534118843078613,0.9475648999214172,0.939377534389496,1.964709615707397,1.5967365503311155,13.144351387023926,11.995318603515624,0.9097456812858582,0.8742620825767518,0.746825652260064,0.2923786501350379,0.7442310454821743,0.3031327884602542,0.9967252043768416,0.9104744623810508,0.8193861005238899,0.467637077869084,0.8146568273927782,0.3804590210658808,0.9006732595206154,0.8578423719623958,118080.0,0.1806138994761101,0.2640345752239227,0.532362922130916,0.4414303600788116,0,5,8,0,8,8,0,7,7,0,7,7,8,2,8,2,0,0,8,4,8,2,8,7,8,8,8,4,7,0.0058844409369991,0.0119866099515611,0.0538683996109325,0.0534912383342741,0.016134381582988,0.0021330899581135,0.0026113578778742,0.0544308475375618,0.3632245830166916,0.2141027563193545,0.3504606872795999,3.4017850726906795,0.0231476205423042,0.0397453149735977,0.0120216836207059,0.1002981018732422,0.0137492778962896,0.1466776846320209,0.0106600228789178,0.1209282590075532,0.0013209129594934,0.1626624730401123,0.0106600228789178,0.1209282590075531,0.0089025812857629,0.1030438364152868,0.0046822556910996,0.0108219551417617,54.0,0.2573449909687042,4.28201961517334,0.889162540435791,10.822660446166992,11.518610000610352,0.9446608424186708,0.9355489015579224,0.4031719267368316,1.2439024448394775,1.2640000581741333,12.520000457763672,5.195121765136719,0.8652018308639526,0.7979178428649902,0.7287112914419086,0.1915351213275504,0.7218286588930267,0.1673474301347144,0.1688849423910271,0.3770491783575997,0.9942446043805736,0.5862068984889341,0.8032878181162033,0.3362831829699385,0.8009870809123929,0.281938320300125,0.8939347075330499,0.84282116070966,118017.0,0.2726838290691376,4.316831588745117,1.042079210281372,10.971464157104492,11.55911350250244,0.9501397609710692,0.94271719455719,0.5450867414474487,2.2083332538604736,1.8790322542190552,13.48387050628662,13.821138381958008,0.9279413223266602,0.9050418734550476,0.7637048886729366,0.4557022709906966,0.7614865394706682,0.4874764797925017,0.1967121818837967,0.6637168170300616,0.9979821273944044,1.0,0.8311150576089729,0.6229508216424002,0.8271176678973272,0.5365853628144144,0.9072076974631116,0.8729028943984496,118161.0,0.7469248510582258,0.7288686292367672,0.7637201522303867,0.0119849415215533,8.0,0.3010473402707884,0.1954196960024556,0.4575605735077995,0.1013975118707842,2.0
M+_mpf_PTx8_RtdXall_EquiM_AW1e5D1e6_blos_24,4.292582511901856,1.018652820587158,11.162357902526855,11.482226943969726,0.9703274607658386,0.9661008954048156,1.764524269104004,1.74975323677063,13.382731437683104,9.77595558166504,0.9202872037887572,0.8939888000488281,0.8209711442775136,0.2786238431535495,0.8160377535202823,0.2659016152904137,0.9962073136299164,0.8189712268987343,0.8772168124871076,0.5224027550245527,0.868736644988374,0.3572250714624816,0.9299492892627986,0.863174593395345,131200.0,0.1227831875128924,0.1949752420186996,0.4775972449754473,0.436045241355896,0,4,9,0,9,9,0,4,4,0,4,4,9,6,9,6,0,0,9,4,9,6,9,4,9,9,9,4,9,0.0073556870531137,0.0120270319015215,0.0608899282661737,0.0128183260723857,0.0212090059511188,0.0024361333202756,0.0027969631744655,0.0383433958171839,0.352855488868495,0.1945565772414742,0.3856195097635208,2.799684041203084,0.0106599623274139,0.0218753918561153,0.0095860936636152,0.0685636742991319,0.011510618981883,0.1149854221389351,0.0044293798719624,0.1038960654325421,0.000564968041645,0.164253029495289,0.0044293798719624,0.1038960654325421,0.007241872404932,0.0831077888094055,0.0035573416857018,0.012756638108831,60.0,0.1865045577287674,4.280787944793701,0.9211822748184204,11.147276878356934,11.453202247619627,0.9669604897499084,0.9622012376785278,0.3984684348106384,1.1935484409332275,1.440000057220459,12.64799976348877,5.432000160217285,0.9006451368331909,0.8528410792350769,0.8056655824765236,0.2110316478693599,0.7976185688329083,0.1614134322246414,0.1163742679146962,0.3250000080186873,0.9953956837420423,0.5563909920676213,0.8711401490391798,0.3839285853865309,0.8571428631727247,0.2760416704760346,0.9242975475265806,0.8397984849512552,131130.0,0.2047164440155029,4.31559419631958,1.0965346097946167,11.176980018615724,11.518610000610352,0.9739002585411072,0.9701757431030272,0.5093876123428345,2.121951103210449,1.9512195587158203,13.764227867126465,13.869918823242188,0.9318104386329652,0.91560959815979,0.8305225152508132,0.374346019140464,0.8287910556868765,0.4314560424402645,0.1288598509608202,0.616071414613469,0.9971404061443034,1.0,0.8836257320853037,0.6749999919813127,0.8759166064335479,0.4618249490796511,0.9335284626154297,0.8749999955762177,131290.0,0.8210567814404819,0.8058581076983615,0.8305309872657192,0.009528867646391,9.0,0.2932484599864278,0.2325387072748759,0.3743890111564703,0.0614745698698585,6.0
C+_mpf_FD_RtdXall_ProgPos_Aw1e5D1e4_0193x0211x0094_24,7.726598453521729,3.0804181575775145,5.051980590820312,3.4233184814453126,0.8941572070121765,0.8886896133422851,7.556114387512207,0.0840564969927072,2.2439707040786745,6.35288553237915,0.6831262588500977,0.6671064496040344,0.5954829743998352,0.249543069866926,0.5918825744995377,0.2581626675284279,0.9467181179180656,0.9963541187375548,0.7357524542395114,0.5537854139495886,0.8279338513232746,0.7093661113556575,0.7990608200420758,0.6122925795824454,157440.0,0.2642475457604886,0.1284376591444015,0.4462145860504115,1.0042368054389954,11,0,11,5,11,11,1,9,9,10,2,2,11,9,11,9,11,1,11,9,11,11,11,9,11,11,11,9,1,0.0060891619503951,0.0204397274779206,0.0949621793881086,0.1889383475422034,0.1151954050892582,0.0076753573089597,0.0069909402101318,0.1590876143666342,0.0362097304169245,0.1361409519326285,0.7604582562344498,0.455897347223328,0.0248805645044491,0.0194302133626351,0.0228435027082498,0.0762184121161003,0.023014216933703,0.0778711670352334,0.0130974708132918,0.0271414537581817,0.0022211483732739,0.0033596861931472,0.0130974708132918,0.0271414537581817,0.0078374305579841,0.014605091780068,0.0112448408515704,0.0402105850064501,72.0,0.1230815201997757,7.702499866485596,2.938750028610229,4.842236042022705,3.323383092880249,0.8820080757141113,0.8769996762275696,0.7701934576034546,7.512195110321045,0.0,1.080645203590393,5.84297513961792,0.6535710096359253,0.6436530351638794,0.5697204020335754,0.1238299953190358,0.5660291447730554,0.1279542444927335,0.2448481920348535,0.3995887713232339,0.9436233448402008,0.9923830248564128,0.7216757317595486,0.515812433178967,0.8186754999271882,0.685030818407414,0.7863441332350322,0.5479452085101616,157356.0,0.1402378529310226,7.754975318908691,3.1910111904144287,5.312577724456787,3.573913097381592,0.9027042388916016,0.8969923257827759,1.2102230787277222,7.601625919342041,0.35537189245224,3.4793388843536377,7.161290168762207,0.7165547609329224,0.6934223175048828,0.6271774968501412,0.3634914764772585,0.6235723289065098,0.3725327146218522,0.2783242682404514,0.484187566821033,0.9494441926470926,1.0,0.7551518079651465,0.6004112286767661,0.8389325376197644,0.7275653906512989,0.8147542225557954,0.6744669705053367,157548.0,0.6233155196580149,0.6008622730522178,0.6489409455594778,0.018918974484903,11.0,0.3672910716252471,0.2725665773904604,0.4166411291307434,0.0514201035164665,11.0
X+_mpf_Persistant_24,0.311931636929512,0.8187371492385864,30.282587432861327,0.5458334803581237,0.9570491313934326,0.9450281500816344,0.0368000006303191,0.1471999987959861,15.60959987640381,0.1935999989509582,0.978683626651764,0.9724239945411682,0.2903207645784368,0.1537475206455318,0.2567789716561498,0.1877491927029772,0.2744855969251865,0.2000000037851485,0.3613292776583333,0.1401960804497464,0.3119193290884864,0.1643084225808004,0.9573034166184968,0.9786836303661332,328000.0,0.6386707223416668,5.849343585968017,0.8598039195502535,0.3269312024116516,0,0,0,0,0,0,0,0,0,0,0,0,0,0,0,0,0,0,0,0,0,0,0,0,24,0,0,0,0,0.2525906444408239,0.0525638403184949,0.0310936734488888,0.0712924165336785,0.0259622776543973,0.0065643984939805,0.0081993025152378,0.0308191498029128,0.031025151004931,0.0310251507167552,0.0296756290416662,0.0269636785653727,0.0020094635025991,0.0025724573675621,0.0351320227533758,0.1351866465595383,0.0337650578822465,0.1679540272206265,0.0356652874911282,0.1113250678339903,0.0340259210667061,0.1686149506362226,0.0356652874911282,0.1113250678339903,0.0352682745344861,0.1343966977828054,0.0017153229924042,0.0020094511309653,150.0,5.610867023468018,0.2335766404867172,0.7566909790039062,30.190244674682617,0.5012165307998657,0.9443268179893494,0.9291456341743468,0.2919887900352478,0.0,0.1040000021457672,15.567999839782717,0.1599999964237213,0.9754877090454102,0.9683348536491394,0.2324188906427743,-0.0113780735991506,0.2016798548016107,-0.0111336032007031,0.6062992065378129,0.7142857218883475,0.2191780820002384,0.0,0.3018867877289128,0.0,0.2539682521680255,0.0,0.9557623391693854,0.9754877442540438,327825.0,6.260005950927734,0.3731707334518432,0.8365853428840637,30.36739730834961,0.5780487656593323,0.9632936716079712,0.9528570771217346,0.3759468197822571,0.0799999982118606,0.1840000003576278,15.64799976348877,0.2399999946355819,0.9809619188308716,0.9753424525260924,0.3228190986574114,0.335587509828653,0.2896805915889255,0.4221115383514822,0.6981132122710872,1.0,0.3084677487895723,0.4347825981324472,0.3937007934621871,0.2857142781116525,0.3453724675945384,0.3448275773477043,0.9606065242629211,0.9809619230940376,328225.0,0.2932683784658041,0.2355818225194995,0.3253201275159871,0.0349527305374236,0.0,0.1565785247137628,-0.0113809483849864,0.3432273323219376,0.1378894041280707,0.0
