,epoch,loss,TP,FN,TN,FP,auc_roc,auc_pr,val_loss,val_TP,val_FN,val_TN,val_FP,val_auc_roc,val_auc_pr,hss,val_hss,tss,val_tss,far,val_far,recall,val_recall,precision,val_precision,f1,val_f1,acc,val_acc,num_train_inst,loss_std,loss_min,loss_max,TP_std,TP_min,TP_max,FN_std,FN_min,FN_max,TN_std,TN_min,TN_max,FP_std,FP_min,FP_max,auc_roc_std,auc_roc_min,auc_roc_max,auc_pr_std,auc_pr_min,auc_pr_max,val_loss_std,val_loss_min,val_loss_max,val_TP_std,val_TP_min,val_TP_max,val_FN_std,val_FN_min,val_FN_max,val_TN_std,val_TN_min,val_TN_max,val_FP_std,val_FP_min,val_FP_max,val_auc_roc_std,val_auc_roc_min,val_auc_roc_max,val_auc_pr_std,val_auc_pr_min,val_auc_pr_max,hss_std,hss_min,hss_max,val_hss_std,val_hss_min,val_hss_max,tss_std,tss_min,tss_max,val_tss_std,val_tss_min,val_tss_max,far_std,far_min,far_max,val_far_std,val_far_min,val_far_max,recall_std,recall_min,recall_max,val_recall_std,val_recall_min,val_recall_max,precision_std,precision_min,precision_max,val_precision_std,val_precision_min,val_precision_max,f1_std,f1_min,f1_max,val_f1_std,val_f1_min,val_f1_max,acc_std,acc_min,acc_max,val_acc_std,val_acc_min,val_acc_max,num_train_inst_std,num_train_inst_min,num_train_inst_max,mcc,mcc_min,mcc_max,mcc_std,val_mcc,val_mcc_min,val_mcc_max,val_mcc_std
0,0,0.462897127866745,4.302734756469727,0.0061869358178227,0.0665864177048206,11.61458969116211,0.4237143278121948,0.4863305926322937,0.8928107142448425,2.10252366065979,0.0523117750883102,0.7970174908638,13.02089500427246,0.1915139406919479,0.3535028457641601,0.0023057918940065,0.0097944766372666,0.0042657596968847,0.033646445903677,0.7296820306968013,0.8608013673288673,0.998565315228898,0.975899522416581,0.2703179693031988,0.1391986326711327,0.42546043384466514,0.24358887174779972,0.2732514783544671,0.1815439441651743,13120.0,0.0110342685158326,0.4494732320308685,0.4797440469264984,0.0086795540571862,4.290640354156494,4.316831588745117,0.0025937653042382,0.00371287134476,0.0111386142671108,0.0131696405726821,0.0483870953321456,0.0866336598992347,0.0161573538814108,11.597772598266602,11.635467529296877,0.060432247734213,0.3476428091526031,0.4816094040870666,0.0460354100847236,0.4288480877876282,0.5326256155967712,0.1112745305216858,0.7871400713920593,1.1076111793518066,0.0115660526203141,2.0799999237060547,2.112903118133545,0.0288328031803488,0.0162601619958877,0.1000000014901161,0.518876095976495,0.1532258093357086,1.5609755516052246,0.5444588677903004,12.260162353515623,13.70161247253418,0.0131273341994162,0.1779693961143493,0.2150981724262237,0.0034898059555165,0.3496159315109253,0.3586120307445526,0.0006982217763394,0.0016134692069974,0.0035403884793718,0.0088015883008865,-0.0010772962243449,0.0246387323685947,0.0012915001315459,0.0029896959413384,0.0065519036127004,0.0297107819113344,-0.0039782223866303,0.0829786276408541,0.0006323960112353,0.7287503014201142,0.7305907767575587,0.0048789249107195,0.8534238857427288,0.8663946988436126,0.0005973725703531,0.9974263653064528,0.9991374353046776,0.0129443428934826,0.954716980813788,0.9923371646702408,0.0006323960112352,0.2694092232424414,0.2712496985798858,0.0048789249107195,0.1336053011563873,0.1465761142572712,0.0007554929411655346,0.4243347005749263,0.42651013705772134,0.007173118214915935,0.23529411413303117,0.25467059457570707,0.0011032875330641,0.2718940211563377,0.2744020401905792,0.0323450244592353,0.1416330627154468,0.2292831682754119,6.0,13113,13129,0.027870548184547046,0.02213255256359885,0.038770009740634576,0.006335902498422124,0.043811594760440276,-0.01266306183623618,0.09404009623752654,0.03535452972171046
1,1,0.4227828562259674,4.287384414672852,0.0215372378006577,0.2656799912452697,11.41549606323242,0.3771717011928558,0.4670705795288086,0.8158072829246521,1.948952865600586,0.2058826111257076,3.93259015083313,9.885322189331054,0.3232503116130829,0.4045625746250152,0.0096954081873038,0.067983972101735,0.0177500139813892,0.1893403216029347,0.7269583723036406,0.8335811446098684,0.9950028021265176,0.9045763850585334,0.2730416276963594,0.1664188553901315,0.4284935287339386,0.28017379173322915,0.2847415011586759,0.3684145773151467,26240.0,0.0222298857923254,0.3979028165340423,0.4549946784973144,0.0107330153331997,4.275990009307861,4.30569314956665,0.0066864103200759,0.0111662531271576,0.0285359807312488,0.0894437984383717,0.1550868451595306,0.3564356565475464,0.0940761574600028,11.313118934631348,11.53325080871582,0.0111426810577817,0.3630329370498657,0.388248085975647,0.0153005827699813,0.4460164904594421,0.4830212295055389,0.0510287040147951,0.7308953404426575,0.8815134167671204,0.2023490483653078,1.6097561120986938,2.125,0.2029482536386888,0.0241935476660728,0.5609756112098694,1.6820621304116554,1.950000047683716,5.960000038146973,1.7006626774317652,7.791999816894531,11.841666221618652,0.0765201572524799,0.2465723752975464,0.4216535091400146,0.0278561340167257,0.3722504079341888,0.4425342679023742,0.0035387911479174,0.0051823555906647,0.0139494535265958,0.0285337013278623,0.0320316823596838,0.1168143084413239,0.0064007601709294,0.0095749190478557,0.0253967977572482,0.0642569903080427,0.1036538854890336,0.2905343751764389,0.0018240397755845,0.7243264643715867,0.7293613588212073,0.0130614301365256,0.8103161360747785,0.8478520237914209,0.0015495434017093,0.9933812948098668,0.9974055922597432,0.0937388152317374,0.7415730349419469,0.988721804237078,0.0018240397755845,0.2706386411787927,0.2756735356284134,0.0130614301365256,0.1521479762085791,0.1896838639252215,0.002157716668144892,0.42562313922251704,0.4317180635728875,0.016789981938204683,0.2627511663854303,0.31062670821089494,0.0057003554673071,0.2775937886741719,0.2914281312307333,0.0947048549501895,0.2546875092659322,0.4901763296272012,12.0,26226,26258,0.05817866406418436,0.040668642170778764,0.07421115651667358,0.012506046939187861,0.15256020973147968,0.10734346193641185,0.20250845763358996,0.037796533299403655
2,2,0.3747816979885101,4.258898735046387,0.0500229269266128,0.8892664074897766,10.7919095993042,0.4039107322692871,0.4940268814563751,0.7750836849212647,1.822013092041016,0.3328223973512649,6.478834295272828,7.3390782356262205,0.4640089631080627,0.4753193318843841,0.0363525727398411,0.1439741201069843,0.0645359097196392,0.3146999977243335,0.716893044770295,0.7927342137712776,0.9883969440283704,0.8456983810478746,0.2831069552297048,0.2072657862287224,0.4400970461677243,0.32963376084164153,0.3219555941023985,0.519818052325193,39360.0,0.0236402435450183,0.3487327694892883,0.4062342941761017,0.0097806299453011,4.245049476623535,4.269704341888428,0.0145825017663393,0.0270935967564582,0.0631188154220581,0.3359233451229797,0.4519704580307007,1.2121587991714478,0.3403526833306166,10.46774196624756,11.240147590637209,0.015057514565243,0.3841668963432312,0.4168891310691833,0.0146397199493215,0.4760929942131042,0.5087754726409912,0.0529087802873813,0.7187026143074036,0.8750803470611572,0.2187954019386458,1.4227641820907593,2.0166666507720947,0.220250430234678,0.1532258093357086,0.7479674816131592,2.196714313586558,3.691056966781616,9.056910514831545,2.207972656960139,4.764227867126465,10.178861618041992,0.1166984508237478,0.3205217123031616,0.6191890239715576,0.061269391962377,0.4060601890087127,0.5664210319519043,0.0147580460091167,0.017723350626709,0.0507537918230166,0.0668931041768337,0.0569496252409184,0.2237434427169309,0.0254946693695195,0.0323504631361304,0.0893931112158499,0.1186152030788386,0.170334141764632,0.4867786408067256,0.0060385938412909,0.7110514795038121,0.7247101803122664,0.0353514968538492,0.7544731640426645,0.8413978501245963,0.0033660286866053,0.9854160703980844,0.9936944680333274,0.1013888207587015,0.6554307037946355,0.9285714275790848,0.006038593841291,0.2752898196877335,0.2889485204961879,0.0353514968538492,0.1586021498754036,0.2455268359573354,0.006988418736140664,0.4311384681064289,0.44686507715171886,0.04448956386981571,0.2698684952434422,0.3883647760233768,0.0205230681570492,0.2953092507125422,0.3415315366974705,0.1289029695031029,0.3507880063680396,0.6553126474264401,18.0,39339,39387,0.11910710259816082,0.08411993818594052,0.14648878374599228,0.028519672625490784,0.22374122839966507,0.1346301240737117,0.3317534846429476,0.07245705486911153
3,3,0.3354553461074829,4.187100219726562,0.1218214347958564,2.6261855363845825,9.054990577697756,0.4715100407600402,0.5353858232498169,0.7157977819442749,1.5791248321533202,0.575710678100586,9.65397129058838,4.163941192626953,0.6925135970115661,0.640501856803894,0.1215039541349573,0.2568792784102552,0.1965884270785533,0.4307177172358735,0.6819222952664699,0.7184393885545307,0.9717375028679368,0.7322564199952954,0.3180777047335302,0.2815606114454693,0.4787047998685985,0.4007129180815306,0.4260830870709899,0.7031580322310369,52480.0,0.0242143037332176,0.3152578473091125,0.371034562587738,0.0245565525020447,4.1460394859313965,4.220443248748779,0.0290995752001137,0.0763546824455261,0.1584158390760421,1.043305328225547,1.267241358757019,3.5915842056274414,1.0470946238042769,8.092822074890137,10.424877166748049,0.0468778093621083,0.4115085899829864,0.5137482285499573,0.0285192053667135,0.4974660277366638,0.5599458813667297,0.1129179669607127,0.6408459544181824,0.9346168637275696,0.30839945304031,1.1532257795333862,1.894308924674988,0.2988305487690808,0.2479999959468841,0.9919354915618896,1.331595274524096,7.95121955871582,11.080645561218262,1.3030691688908531,2.774193525314331,5.869918823242188,0.1036359880628784,0.5329504013061523,0.7993208169937134,0.089135461695386,0.504642128944397,0.731795608997345,0.0551150913855515,0.0514364604201659,0.1710235657019666,0.0360844221721638,0.2147389387905472,0.3197520046431193,0.0831971678286725,0.0906141024200219,0.2705799269546343,0.0618452157337735,0.3373611554734967,0.5062190144151646,0.0233546928364254,0.661239775829845,0.7118230855309282,0.0289970440258974,0.679304885318742,0.7560209480996801,0.0067227054590731,0.9631972393450806,0.982229864269111,0.1404979861686657,0.5375939772325707,0.8834586480380864,0.0233546928364254,0.2881769144690717,0.338760224170155,0.0289970440258974,0.2439790519003198,0.320695114681258,0.026004770415692442,0.44561470596935837,0.5013384951628961,0.026578921710075948,0.379814072489044,0.45211582682527607,0.0639074961416404,0.3432180424713179,0.4839383742545542,0.064857955031321,0.6156583587116836,0.7646169417064576,24.0,52452,52516,0.22705613367254932,0.14478749887708472,0.2850679055294169,0.06548409869245278,0.31315842440176495,0.26709889551045557,0.3714234048709174,0.034907849805292324
4,4,0.2952826261520386,4.064280700683594,0.2446409583091736,5.181454515457153,6.499721527099609,0.5999602258205414,0.6198945879936218,0.6264797210693359,1.0880133867263797,1.0668221354484555,11.512230491638183,2.305682182312012,0.8104044318199157,0.7619070768356323,0.2748269565512379,0.28007300585105,0.3868622724526185,0.3381543614419827,0.6061745906831916,0.6497341193297285,0.9432432055160817,0.5053151419157482,0.3938254093168084,0.3502658806702715,0.5528181357121827,0.39221433213561985,0.5782002615811835,0.7886332105928622,65600.0,0.0209564873659016,0.27609783411026,0.3275360465049743,0.0510699753961353,3.995049476623535,4.144088745117188,0.0565812367554596,0.1527093648910522,0.3094059526920318,1.663967607975793,2.901477813720703,6.900990009307861,1.667742378285647,4.783415794372559,8.790640830993652,0.0882826599909884,0.480193167924881,0.6900031566619873,0.0593575331957843,0.537571907043457,0.6816737055778503,0.1036904434779791,0.5605087876319885,0.8325290679931641,0.3849328175328422,0.7967479825019836,1.7999999523162842,0.3896074632608461,0.328000009059906,1.3739837408065796,1.6514861022195355,8.239999771118164,12.57723617553711,1.616267211625443,1.2926828861236572,5.51200008392334,0.1150763519540667,0.582147479057312,0.8938302993774414,0.1159841383886647,0.5354703664779663,0.8649402260780334,0.1094831114337577,0.1299795953334608,0.3905422337213938,0.0415950240420922,0.2192837146194138,0.3490182325953318,0.1299283206999244,0.21261645010257,0.5187350060435589,0.0721507125277459,0.2723353272350497,0.4450502172790487,0.056066162447876,0.5449034252236421,0.6796153548682682,0.0536385401971307,0.6092896084092185,0.753829329404383,0.0130689324563959,0.928119605889094,0.9644597300172524,0.181314878658108,0.3670412027183187,0.84586465459906,0.056066162447876,0.3203846451317318,0.4550965747763579,0.0536385401971307,0.246170670595617,0.3907103915907814,0.054706381847896494,0.4809891288345227,0.6107274618775861,0.030778622746267054,0.37234044114586756,0.4532488229792643,0.1009463254634291,0.440653151612467,0.6814768936417682,0.0784454428912751,0.6322418034951421,0.8368073242208826,30.0,65565,65645,0.36501273035394577,0.23976701815557488,0.46240138380767076,0.09490646128104037,0.29848158560921945,0.2693242504758177,0.3555343972305827,0.03088527236104061
5,5,0.2638855218887329,3.981159973144531,0.3277616620063782,7.344642543792725,4.336533451080323,0.7231902480125427,0.7125938534736633,0.6196620464324951,1.1762502908706665,0.9785852074623108,11.412856674194336,2.40505588054657,0.8106521964073181,0.7477294921875,0.4318085530847478,0.2905427650539183,0.5527260428360139,0.3720331548673882,0.5151596049203293,0.66221611311483,0.9239395071810688,0.5462175477063023,0.4848403950796707,0.3377838868851699,0.6339906422469029,0.4070337180464641,0.7082895567962091,0.7880637913116658,78720.0,0.0165439733072347,0.2424196898937225,0.2851140201091766,0.0422927579135886,3.9022276401519775,4.020936012268066,0.0434844462708211,0.2758620679378509,0.4022277295589447,0.9592800889352664,6.14888334274292,8.235148429870605,0.963206076236484,3.4492573738098145,5.531017303466797,0.0576274698022674,0.6521713733673096,0.7817816138267517,0.0486638143141959,0.6517717838287354,0.7636620998382568,0.0755179152020637,0.5474569201469421,0.7602096199989319,0.2821155105179386,0.7580645084381104,1.6239999532699585,0.2876802538936033,0.5040000081062317,1.3870967626571655,0.9143786155013424,9.871999740600586,12.52419376373291,0.8860223769847819,1.330645203590393,3.880000114440918,0.0589352976957064,0.7085077166557312,0.875368058681488,0.0658918503890464,0.6344536542892456,0.8226282000541687,0.0803476425102093,0.3309710734123187,0.5096569519271338,0.0287235709940013,0.2602355312549393,0.3444111118611755,0.0742955681743612,0.4581305645339082,0.6260562984495182,0.072766407906141,0.2573415477649616,0.4810170958100079,0.05208644095307,0.4648774090529136,0.5797139229740184,0.0362602191490566,0.6046511666590358,0.7049418725851537,0.0100652697156121,0.9065554884389572,0.9357982239824892,0.1332323645754355,0.3533834582287876,0.7631578866287705,0.05208644095307,0.4202860770259816,0.5351225909470864,0.0362602191490565,0.2950581274148463,0.3953488333409641,0.043689057017357785,0.579263365551917,0.6776460652589736,0.03017748796243134,0.358095233161217,0.4466338186157507,0.0580669881097649,0.6355662472707879,0.7622621016182936,0.0387284990046784,0.72392946012413,0.830141129640622,36.0,78678,78774,0.4942624126284677,0.414291648158266,0.557454975768385,0.06295291966448131,0.3091687184455981,0.2602662593677807,0.3485518935097125,0.03398618208367423
6,6,0.2334096491336822,3.927678823471069,0.3812428712844848,8.629079818725586,3.052096366882324,0.810291874408722,0.7919769763946534,0.6251601338386535,1.2144023776054382,0.940433156490326,11.409267616271972,2.408644700050354,0.8155466794967652,0.7574936628341675,0.5458120408089556,0.3037285659303314,0.6502525150889484,0.3891828718278635,0.433796259558741,0.6493269166097703,0.9115198566147524,0.5637050284215447,0.566203740441259,0.3506730833902298,0.6974822887157013,0.4172793592554383,0.7852768032954901,0.7901805687296239,91840.0,0.0156616447356327,0.2196570038795471,0.2551421225070953,0.0286303447991129,3.894541025161743,3.969059467315674,0.0251050897541156,0.3448275923728943,0.4094292819499969,0.5527765243418233,7.937191963195801,9.145161628723145,0.5566817603458578,2.5347394943237305,3.754926204681397,0.0379110210766338,0.7627142667770386,0.8446637988090515,0.0371600056435949,0.7438050508499146,0.8256440162658691,0.1372605009305168,0.5269913673400879,0.8978157043457031,0.3277357274178248,0.6935483813285828,1.712000012397766,0.3293029852722983,0.4160000085830688,1.451612949371338,1.1577235782179909,9.279999732971191,12.790322303771973,1.122283798042994,1.0645161867141724,4.4720001220703125,0.0771992241287567,0.6670936346054077,0.8897852897644043,0.0836290467979744,0.5999186038970947,0.8446595072746277,0.0574498354280827,0.4727893834018416,0.5984634033235376,0.0364720531481393,0.265473327851323,0.3626511903093156,0.0470811155834099,0.5872596558344603,0.6923353143568871,0.0798569425700327,0.246474729166038,0.4793222003762012,0.0439814313818047,0.3926580788234796,0.4878446701810136,0.042109495552603,0.6055046020859707,0.7231565370033703,0.0058662162492684,0.9048717224481152,0.9197477754610052,0.1535770484795778,0.3233082619022843,0.8045112760894961,0.0439814313818048,0.5121553298189865,0.6073419211765204,0.042109495552603,0.2768434629966296,0.3944953979140293,0.03376710448252817,0.654094605622157,0.7282784077397338,0.036822693810134005,0.3553718894681405,0.469719358376102,0.034629907089311,0.7422960501653648,0.8170533040831919,0.0516486250146241,0.692191425137609,0.8427419272371597,42.0,91791,91903,0.5835706739677929,0.5216077975280713,0.626186763203456,0.046964322024357644,0.3251888623460699,0.2685351849893483,0.37566989135870676,0.03462568471306432
7,7,0.2081703454256057,3.931455945968628,0.3774657428264618,9.412477684020995,2.268698239326477,0.8645061016082763,0.8462989687919616,0.5593236804008483,1.0265628099441528,1.1282726883888246,11.854039192199709,1.963873171806336,0.8463400721549987,0.7909018635749817,0.6316404604650745,0.282935001189206,0.7181859173452949,0.3333464167799367,0.364116591625636,0.6511504600289632,0.912392509315516,0.4756120432234409,0.6358834083743641,0.3488495399710368,0.7489398802354649,0.3918068354861684,0.834509164320241,0.8063397483938921,104960.0,0.0143606144598884,0.193236231803894,0.2286262661218643,0.029602069637204,3.892326831817627,3.967741966247559,0.0232691858918757,0.3436724543571472,0.4121287167072296,0.3336562207472662,8.863300323486328,9.740694999694824,0.338367417140388,1.9392060041427608,2.828817844390869,0.0240683756333201,0.83089679479599,0.8871685862541199,0.0261101479193821,0.8101181983947754,0.8718774914741516,0.0760069223070573,0.4903201758861542,0.6863952875137329,0.3103980555579769,0.707317054271698,1.5166666507720947,0.2980680543643948,0.6916666626930237,1.4634146690368652,0.7579954225109291,10.767999649047852,12.604838371276855,0.7209056486671569,1.25,2.983999967575073,0.0468906975316412,0.7828236818313599,0.8920352458953857,0.0613125220492308,0.7078205943107605,0.8582709431648254,0.0399588876143308,0.5678701807944185,0.6754149383257321,0.0427410338798585,0.2382834812774829,0.3587163624797386,0.0306621384465168,0.6703534951146077,0.7542584522984119,0.0936353997495304,0.2311368100392086,0.4934389728432209,0.0343090178856439,0.3282923793917592,0.4191605943916474,0.0284143342635067,0.6300812959277045,0.7064393900909536,0.005500491160851,0.904255320548387,0.9202877708265064,0.1396755475273857,0.3258426855224776,0.6867924518116686,0.0343090178856439,0.5808394056083527,0.6717076206082407,0.0284143342635066,0.2935606099090465,0.3699187040722955,0.024774577407660515,0.7097781163493297,0.7765905757549073,0.04724825685729095,0.33786407341302216,0.47457626296747224,0.0215514221142823,0.7995070395294175,0.8572426096348152,0.02929828006801,0.7561712803915758,0.8336693532840018,48.0,104904,105032,0.6549150412109738,0.6016878242944536,0.6934956602793726,0.033902537736631065,0.29383467619080017,0.23849838149589855,0.3873159715147709,0.05120600686297028
8,8,0.1860859245061874,3.9591603755950926,0.3497612297534943,9.838697242736815,1.842478585243225,0.8980157494544982,0.8825266480445861,0.5834231436252594,1.0694165706634522,1.0854189276695252,11.805485916137696,2.0124265789985656,0.8380535244941711,0.7787580728530884,0.6865698124483075,0.2923375004294732,0.761095854088889,0.3501290842143505,0.3164371324906843,0.641448112965959,0.9188190771735516,0.4959330470696617,0.6835628675093157,0.3585518870340409,0.7836187161527789,0.39978273463289166,0.8628972525419517,0.8059693774354075,118080.0,0.013276006866458,0.1738627552986145,0.2025404125452041,0.030615883668538,3.916873455047608,4.008663177490234,0.0221169922718657,0.3193069398403168,0.3870967626571655,0.2417787980813115,9.504925727844238,10.089329719543455,0.2458196408744945,1.5905706882476809,2.18719220161438,0.0180070124912855,0.8759378790855408,0.9158188700675964,0.0201656866326521,0.8579543232917786,0.9027000665664672,0.1168480773762384,0.4713668525218963,0.8055570125579834,0.3545575074710226,0.6910569071769714,1.503999948501587,0.3496000006936425,0.6240000128746033,1.4796748161315918,0.932870239571628,10.32800006866455,12.87804889678955,0.8978233624927766,0.9430894255638124,3.424000024795532,0.0505839601049495,0.7531291842460632,0.8950824737548828,0.0620653067498431,0.6789170503616333,0.8538898229598999,0.0327773240321126,0.6435849488409983,0.7191679912590849,0.0383520724834719,0.2311546762149277,0.3486903028208608,0.0249267639779501,0.7303893321494672,0.7849709165899936,0.1013534958809202,0.2329908145122179,0.4757795028446372,0.0297247426041621,0.2859692182182552,0.356841482934369,0.0398919082801787,0.5771144276792314,0.69480520360163,0.0052720317791401,0.9100605387405312,0.9262224712315568,0.1628937789230309,0.318352056017168,0.7067669059208729,0.0297247426041621,0.643158517065631,0.7140307817817447,0.0398919082801787,0.30519479639837,0.4228855723207685,0.02109948015474594,0.7562012676100033,0.8044734834928208,0.04613116514222557,0.33519553810777525,0.4657894695234432,0.0163798170984939,0.8410228678323833,0.8792769008636823,0.0360222340897289,0.745088159717146,0.848500254518225,54.0,118017,118161,0.7028915901407793,0.665944298879034,0.7313731388704616,0.028877945065454037,0.30727691443035027,0.2311680789591628,0.3751609544215464,0.04877580122669048
9,9,0.1602729827165603,4.00004620552063,0.3088753461837769,10.253774452209472,1.427401423454285,0.9282840728759766,0.9166407346725464,0.5679476797580719,1.0183919072151184,1.136443567276001,11.9306640625,1.8872482776641848,0.8460523843765259,0.7862367272377014,0.7453785344373804,0.2888243808250691,0.8061151656484349,0.3351003754641796,0.2622152477740075,0.646482876441328,0.9283044208313462,0.4718027140281716,0.7377847522259924,0.3535171235586721,0.8219560741663422,0.3961821131040085,0.8914131901903815,0.8106370675709075,131200.0,0.0120919510361304,0.1482899338006973,0.178235575556755,0.0331243436415597,3.951970338821411,4.054455280303955,0.0228928036196668,0.273514837026596,0.3448275923728943,0.1831862762732002,9.961822509765623,10.42803955078125,0.1885610041462845,1.2518610954284668,1.7302955389022827,0.0127626483034263,0.9100796580314636,0.940574049949646,0.0147117618062786,0.8961079120635986,0.9307403564453124,0.0749185864216,0.4836724698543548,0.6939942836761475,0.2743832845889896,0.6209677457809448,1.4333332777023315,0.2601170638724523,0.7749999761581421,1.524193525314331,0.6288652905510121,11.02400016784668,12.693548202514648,0.5894323841138286,1.1612902879714966,2.727999925613404,0.0349856761649718,0.7911651730537415,0.8860768675804138,0.0444388523124075,0.7173146605491638,0.8369204998016357,0.0279012501835514,0.7003434279811942,0.7743761923514737,0.0471738521994238,0.2214895498806379,0.3602054890261234,0.0210593478952014,0.7717595724938433,0.8294745166727002,0.0869817377687239,0.2056552962888675,0.4732257907009127,0.0265853830460026,0.2360074720740666,0.3045080212957997,0.0280648991867568,0.6156351789197326,0.6973415048174023,0.0054765957335546,0.9197477754610052,0.9368029746944516,0.1231130014478028,0.2894736885977301,0.6490566019402486,0.0265853830460026,0.6954919787042003,0.7639925279259334,0.0280648991867567,0.3026584951825977,0.3843648210802673,0.018556610392715056,0.7920523236437572,0.8416184917030484,0.05048963701514543,0.31622177189711725,0.4725274684247496,0.0130915350488867,0.8702148955008105,0.9046108594527168,0.0239219515154821,0.7687657490634263,0.8321572591685841,60.0,131130,131290,0.7557153996790283,0.7147950628727973,0.7826177471301539,0.025342452377014477,0.2975387098778755,0.22272553206423779,0.3815663499249293,0.052141171157783966
10,10,0.1387006431818008,4.051499462127685,0.2574221700429916,10.544301223754882,1.136874830722809,0.9466902375221252,0.9374711394309998,0.5729475677013397,0.9568868160247804,1.1979487180709838,12.003934097290038,1.813978326320648,0.8410059690475464,0.7787513375282288,0.7921657376415077,0.2772100048780658,0.842936644968115,0.3125387995670747,0.2183632281487548,0.6439926874349893,0.940255572393558,0.4439209473962485,0.7816367718512451,0.3560073125650107,0.8534278140719804,0.3834303047072304,0.9128004631491112,0.8113700763510667,144320.0,0.0101065084622502,0.1278526932001114,0.1542180925607681,0.0159623482011069,4.03201961517334,4.080445766448975,0.0073064707020566,0.2475247532129287,0.2667493820190429,0.1612937129676875,10.306650161743164,10.700992584228516,0.166529210475242,0.9727723002433776,1.3854680061340332,0.0087692389625825,0.9347280859947203,0.9557473063468932,0.010204618454932,0.923303723335266,0.9480520486831664,0.1071516494166021,0.4451183080673218,0.7597196102142334,0.238035330514545,0.5528455376625061,1.2416666746139526,0.2351654695266402,0.9666666388511658,1.6178861856460571,0.6970276573218567,11.008000373840332,12.991869926452637,0.6667556890087367,0.8292682766914368,2.74399995803833,0.0377364376126255,0.7817679047584534,0.8877082467079163,0.0487706509046668,0.7067636251449585,0.8447741270065308,0.0230263709531156,0.7574072349860924,0.8164136771679734,0.033018580047011,0.2298806369482291,0.3163837663833018,0.014985391038044,0.8198818644303569,0.8594482744586149,0.0656896008915044,0.1946816514266669,0.3961010128019724,0.0252416998206367,0.1925055058785773,0.2557399486590217,0.036966511134666,0.5999999913748573,0.7057613040024519,0.0017821679099218,0.9381294936975838,0.9428081240183066,0.1087161815286632,0.2546816503053983,0.5622641596008171,0.0252416998206367,0.7442600513409783,0.8074944941214227,0.036966511134666,0.2942386959975481,0.4000000086251427,0.015443269053806871,0.8301216993019093,0.8699208482780815,0.04019871962298648,0.31121281902181147,0.4325108830207768,0.0105941592692029,0.896788105464458,0.9237196342158353,0.0288913360887358,0.7652393017388112,0.8469750896179076,66.0,144243,144419,0.7992067484852227,0.7678997768642759,0.8213171220187969,0.02072716648345086,0.2854211056427288,0.23730485091488618,0.32936629783216337,0.031882650444085725
11,11,0.1197163969278335,4.088390254974366,0.2205315113067626,10.760637474060058,0.9205384016036988,0.9616443634033204,0.9550742387771608,0.598163902759552,0.9578634619712828,1.1969720363616942,11.945571327209471,1.8723411083221435,0.8389594674110412,0.7763645887374878,0.8277604661976344,0.2731564157964531,0.8700162571971546,0.3098073374224016,0.1832046438308314,0.6576256757859614,0.9488163183769384,0.4453811473846182,0.8167953561691685,0.3423743242140386,0.8777156956464076,0.3833438044086622,0.928637727434983,0.8077798925784119,157440.0,0.0084318823538037,0.1121997311711311,0.1342198252677917,0.016718354149644,4.066502571105957,4.113861560821533,0.0070555948223789,0.2109181135892868,0.2302955687046051,0.1344599284365651,10.527093887329102,10.877474784851074,0.1395007484779274,0.8069307208061218,1.1650246381759644,0.0064676123187888,0.950516402721405,0.967639684677124,0.0077180725097143,0.9420968890190125,0.9628762006759644,0.1309196955944875,0.5127957463264465,0.8585126399993896,0.1404737867441593,0.7749999761581421,1.184000015258789,0.1670881182060049,0.944000005722046,1.4333332777023315,0.4926591184301858,10.984000205993652,12.330645561218262,0.4622443994576071,1.5166666507720947,2.7679998874664307,0.0378710927340606,0.7637434601783752,0.8637490272521973,0.0453429558794386,0.6872095465660095,0.8079932928085327,0.0203186056084712,0.7922556539493463,0.8441010272277422,0.025896642312911,0.2372145201103972,0.31576657855693,0.0132836718450151,0.8467611044724088,0.8808503756989499,0.0436302041066433,0.2409736075241504,0.3588057327768188,0.0227361414017398,0.1650339058265121,0.2226930285498554,0.0243406690438139,0.6318840621594897,0.7004048470643113,0.0017383826295026,0.9464029816595576,0.9510791369741066,0.070467921330034,0.3509433980597513,0.5563909791284031,0.0227361414017398,0.7773069714501446,0.8349660941734879,0.0243406690438139,0.2995951529356887,0.3681159378405103,0.013845228959662425,0.8535608141242297,0.8890077596224586,0.023847516694671778,0.3444444429727248,0.4191419058066857,0.0090751329339439,0.9127320358165726,0.9357883344259716,0.0213175231342376,0.7662468597961238,0.8251008132450101,72.0,157356,157548,0.8325321823769858,0.8000410862476601,0.8476108700805822,0.018633713418901528,0.2784248937976301,0.2372696086530904,0.3200620418117531,0.026400545101720126
12,12,0.1021315500140189,4.118092727661133,0.1908289700746536,10.954156494140625,0.7270194530487061,0.9728445291519164,0.9679176211357116,0.6260629773139954,0.8725157737731933,1.2823197364807128,12.134527778625488,1.683384573459625,0.8455133080482483,0.7855761647224426,0.8597990884272179,0.259195730833941,0.8934710777494018,0.2838816945656784,0.1497523230346121,0.6506462533210196,0.955705377814,0.4057925193665166,0.8502476769653879,0.3493537466789804,0.899820544946129,0.3636529661419597,0.9425978917905888,0.8142594545754968,170560.0,0.0094269338078377,0.0914461836218833,0.1162081435322761,0.0237370729838066,4.091133117675781,4.159653663635254,0.0132505565269498,0.1683168262243271,0.2056650221347808,0.094565341898361,10.78325080871582,11.039702415466309,0.1002782588701095,0.6401985287666321,0.9088670015335084,0.0053252367870947,0.9647594094276428,0.979433536529541,0.0065730093846395,0.9580087661743164,0.976177453994751,0.1889034818820117,0.4176227450370788,0.955712080001831,0.2433386892255095,0.4959349632263183,1.1759999990463257,0.2598646596101203,0.9520000219345092,1.6747967004776,0.6674198209155211,11.0,13.008130073547363,0.6418028523057293,0.8130081295967102,2.752000093460083,0.0455886215023138,0.7652590274810791,0.9042761921882628,0.061676583616986,0.6878110766410828,0.8794894814491272,0.0161841666119555,0.8313726405182487,0.8758907891024674,0.037955009601959,0.2037301195584247,0.3225118664492334,0.0112414901141196,0.8744019755589325,0.9060665729592888,0.0740230254592394,0.16964089643998,0.3732735239896265,0.0178799231367443,0.1337628774549065,0.1817733959728862,0.0276117434010483,0.6211180104425138,0.7006110052568928,0.0031766919466832,0.952135284124879,0.9611095254418456,0.1162333979153767,0.2284644258517447,0.5526315730505892,0.0178799231367443,0.8182266040271138,0.8662371225450934,0.0276117434010483,0.2993889947431071,0.3788819895574861,0.011265311992697221,0.8801165742639453,0.9112105255853734,0.047083969013756895,0.2850467344949845,0.4264943578880734,0.0069571566579632,0.9302934590969492,0.9493269390803268,0.026169856476797,0.7667506241371965,0.8444331494197771,78.0,170469,170677,0.8627550882922611,0.8361183721543937,0.8782063835945807,0.01525492270054437,0.26595420483446314,0.21195264221565738,0.3281840074315647,0.03807954131922606
13,13,0.0867364928126334,4.149757099151612,0.1591645568609237,11.095883560180663,0.5852925062179566,0.9800366520881651,0.9767434120178222,0.6045261800289154,0.8427777528762818,1.3120577216148377,12.32450065612793,1.493411982059479,0.8499018311500549,0.7880261659622192,0.8853677587847901,0.2711928771750345,0.9129543088407196,0.2837952952805226,0.1234522147443181,0.631534814816167,0.9630572805850394,0.3919742032420549,0.8765477852556817,0.368465185183833,0.9177279779411711,0.3703342229145109,0.9534418507352662,0.8242904086936031,183680.0,0.0066730383203148,0.0779753550887107,0.0955021753907203,0.0214729311869016,4.130541801452637,4.186881065368652,0.0139772174709345,0.1410891115665435,0.1736972779035568,0.0669627609398528,10.988916397094728,11.174505233764648,0.0718127523107185,0.5099009871482849,0.703201949596405,0.0029327570946207,0.976266622543335,0.9837899804115297,0.003657142086235,0.9721639752388,0.9813982844352722,0.1900837545745199,0.4492818415164947,0.9782078862190248,0.2280103155394281,0.5365853905677795,1.215999960899353,0.24535701229604,0.9120000004768372,1.6341463327407837,0.6303866457103974,11.104000091552734,12.90243911743164,0.5979378494136851,0.9186992049217224,2.6480000019073486,0.0413853359646365,0.7690407633781433,0.8850947618484497,0.051469097024344,0.6901635527610779,0.8419219255447388,0.0122904508814641,0.8669035044391609,0.8988497710674306,0.0475887790264962,0.209874435600927,0.3515628636639202,0.0087910960497482,0.9011637177181182,0.923175367041538,0.073551931568467,0.1807204318012159,0.3788747542408623,0.0136537893091716,0.1091679917305752,0.1454777054418312,0.0396833524919868,0.564393946231335,0.6853002141293799,0.003288241399479,0.9597122297334496,0.9674006275924816,0.1093269764719497,0.2471910208000887,0.5714285634257994,0.0136537893091716,0.8545222945581687,0.8908320082694248,0.0396833524919867,0.3146997858706201,0.4356060537686649,0.008669561892786825,0.9047747508788724,0.9272303691810098,0.04973035306160275,0.2959641344061266,0.4380952410211369,0.0051550739825859,0.9456211983095848,0.9591299643210328,0.0256629016841509,0.7758186404224864,0.8500254236819711,84.0,183582,183806,0.8873115952188613,0.8698468754814707,0.9002983939048145,0.011770954518379442,0.276095741078979,0.21521724612802112,0.3515705077368649,0.047616159744531074
14,14,0.0764044642448425,4.173789215087891,0.1351324245333671,11.21121997833252,0.4699561536312103,0.9835197925567628,0.9803227305412292,0.6013665676116944,0.7733241558074951,1.381511354446411,12.41397876739502,1.4039337396621705,0.8498151063919067,0.7833370685577392,0.9062290009787946,0.2547294499633094,0.9284054138375624,0.2571394984929097,0.1010271094661788,0.6455099760960563,0.9686346321229398,0.3587768634175381,0.8989728905338211,0.3544900239039436,0.9324585403212255,0.35515135537398984,0.9621578171626376,0.8255989375476851,196800.0,0.0068753771629615,0.06760024279356,0.0852520987391471,0.0183765934488535,4.146551609039307,4.204207897186279,0.008550222361901,0.1237623766064643,0.1502463072538375,0.0670855660634106,11.10837459564209,11.28960418701172,0.0720326916071769,0.3923267424106598,0.5837438702583313,0.0030921532736532,0.9802594780921936,0.9877752661705016,0.0038050627935648,0.9764808416366576,0.985546052455902,0.0636366086743995,0.5384103655815125,0.7045190334320068,0.1264763143723868,0.5806451439857483,0.925000011920929,0.1234728284316763,1.2439024448394775,1.5645161867141724,0.2188591701445233,12.15999984741211,12.758064270019531,0.1819948899699636,1.0967742204666138,1.5920000076293943,0.013957355907026,0.8258011937141418,0.8643434047698975,0.0207154098863026,0.7493770122528076,0.8093329668045044,0.0119753540617099,0.8868118628918382,0.9198297198010305,0.0414686440516722,0.2109525474492923,0.3142450114217602,0.0079648797797971,0.9151066887983824,0.9377843746995984,0.0503395189796331,0.1915148593072606,0.318834132478889,0.0142161358454429,0.0853527218158987,0.1234053713585364,0.0281801755246179,0.6000000108612905,0.6793893191716613,0.0020499244048062,0.9650329593849144,0.9714040603846368,0.0576973724959412,0.2706766785677122,0.4188679336949828,0.0142161358454429,0.8765946286414635,0.9146472781841012,0.0281801755246179,0.3206106808283386,0.3999999891387094,0.008489724269614163,0.9186903086800142,0.942171680779421,0.04048520703274367,0.3037974553275542,0.4067796544646049,0.0049740875286058,0.9540938134913513,0.96773943858223,0.0095440899450048,0.8161209073777328,0.8398576522801436,90.0,196695,196935,0.9074892138790336,0.8888000384527847,0.9206312483320394,0.011519749597884755,0.2554156102012951,0.21158333294361792,0.314305345945189,0.04115551931450304
15,15,0.0666196383535861,4.190122318267822,0.1187992945313453,11.27980155944824,0.4013744175434112,0.9879650235176086,0.9857826113700868,0.6365448474884033,0.820618724822998,1.3342168092727662,12.475675201416015,1.3422371864318847,0.8465829491615295,0.7801846981048584,0.9190655942271384,0.2784937082912277,0.9380706032815024,0.2835107319079717,0.0873516773834718,0.6087345507161186,0.9724299833359,0.3807167033273837,0.912648322616528,0.3912654492838814,0.9415735752361556,0.3719032223665767,0.9674689863626462,0.83240476341837,209920.0,0.0033924995426114,0.0615576319396495,0.0715048611164093,0.0108644489374654,4.171182155609131,4.202970504760742,0.0056394959138768,0.1116625294089317,0.1256157606840133,0.0392046445334831,11.215517044067385,11.337469100952148,0.0432626464393744,0.3424317538738251,0.4766009747982025,0.0010526925606816,0.9860893487930298,0.9893378615379332,0.0013783559107901,0.98334801197052,0.987601101398468,0.1360061441886764,0.4169756770133972,0.8277956247329712,0.2380428860306415,0.4390243887901306,1.1166666746139526,0.2360566858407803,1.0916666984558103,1.7317073345184326,0.5352836622167476,11.847999572753906,13.308942794799805,0.5088918246608077,0.5121951103210449,1.9040000438690183,0.0281828476920831,0.8096776008605957,0.8895017504692078,0.0390612866747953,0.731889009475708,0.8430042862892151,0.0071964677817811,0.9065827696047885,0.9286959324628326,0.0455089839437605,0.2164364560416078,0.3297835953342465,0.0047293192844226,0.9300026754187012,0.9442071428389708,0.0754743174657817,0.1651883653424755,0.3715213969336197,0.0087424723008122,0.0754304451629288,0.1025437206138387,0.0452695101586706,0.5384615336414389,0.6574585724053796,0.0012962039756874,0.9707652621484274,0.9740559229347702,0.1089592044638937,0.2022471888515928,0.5056603718584821,0.0087424723008122,0.8974562793861612,0.9245695548370712,0.0452695101586706,0.3425414275946204,0.4615384663585611,0.0051240815759034455,0.9326724491244489,0.9484160355725213,0.056110588733633136,0.28124999880674295,0.43156199388602634,0.0029654260177642,0.9623353617015412,0.9714485224065053,0.0191182762243381,0.8085642222646144,0.8596847962760777,96.0,209808,210064,0.919970056610186,0.9079294678648413,0.9292867132897635,0.006954822169791603,0.2850915975052123,0.23755648234712579,0.32985072353314765,0.040931632309272284
16,16,0.0566239193081855,4.209908676147461,0.0990131109952926,11.3436674118042,0.3375086188316345,0.9904228687286376,0.988371980190277,0.6795608639717102,0.8047895669937134,1.3500459432601928,12.407440185546877,1.4104723453521728,0.8393706798553466,0.7693765759468079,0.9318944584532168,0.2673269269014522,0.9481260083830444,0.2717272892478599,0.0740292092577001,0.6334503241266914,0.9770164595543642,0.3738603159761313,0.9259707907423,0.3665496758733085,0.9507578029467725,0.3663310115633235,0.9726996136566548,0.8271418786830147,223040.0,0.0062159922886745,0.0481745339930057,0.0656799152493476,0.0202527034866759,4.187345027923584,4.245049476623535,0.0109699309970559,0.0829207897186279,0.1166253089904785,0.067496951648416,11.231527328491213,11.40841579437256,0.072826801177642,0.2623762488365173,0.4605911374092102,0.002709122627011,0.9864561557769777,0.99436217546463,0.0032917487739248,0.9834944009780884,0.9932323098182678,0.1048522882185722,0.5258495807647705,0.8469922542572021,0.1385471625003909,0.6097561120986938,0.9760000109672546,0.1513967785053774,1.1519999504089355,1.5609755516052246,0.3650848475651177,11.791999816894531,12.845528602600098,0.3316329621446935,0.9756097793579102,1.9600000381469729,0.0179608128178501,0.8175719380378723,0.8691893219947815,0.0248903684869996,0.7409501075744629,0.811903715133667,0.0121973764728347,0.912742226179796,0.9460179687836762,0.0372533977426548,0.2277873710205794,0.3339781124894411,0.0080405831050857,0.9368176489878092,0.95835689303129,0.0498417832626526,0.2103106526394165,0.3356038752261072,0.0149263877421528,0.0582097775576186,0.0989417949515701,0.032331493490482,0.5795454627503296,0.6675749337055673,0.0025859136633542,0.9729028548384238,0.9808407210272474,0.0664335889719221,0.2808988887453124,0.4586466300197062,0.0149263877421528,0.90105820504843,0.9417902224423814,0.032331493490482,0.3324250662944327,0.4204545372496704,0.008713072671095338,0.9371302818383694,0.9609188949906123,0.03695661709211755,0.3246753329188411,0.42285713232390737,0.0049967699439019,0.9648001238936096,0.9784155954976672,0.01530695676375,0.8040302251553847,0.8459583134882521,102.0,222921,223193,0.9325842535152417,0.9141543961247556,0.9463904907960697,0.011829927333879952,0.2691948758200193,0.22799363902445138,0.3339853741440663,0.03679294393918937
17,17,0.0501550450921058,4.218555450439453,0.0903661102056503,11.398522567749025,0.2826532959938049,0.9922818064689636,0.9905662178993224,0.6801500439643859,0.7210806131362915,1.4337548971176148,12.52845630645752,1.2894561171531678,0.8435165286064148,0.7754641056060791,0.9415768793733724,0.2451069230343951,0.954835758298973,0.2412121420036835,0.0627783201247325,0.6423995338448959,0.9790332163619772,0.3345835487568105,0.9372216798752676,0.3576004661551039,0.9576661499644142,0.3417340743538816,0.976671926177487,0.82949067181247,236160.0,0.0014696655199849,0.0479035228490829,0.0517533980309963,0.0053535158211669,4.209677219390869,4.224137783050537,0.0104931384334564,0.0726600959897041,0.1051980182528495,0.0214595522027236,11.370049476623535,11.434243202209473,0.0193713740746583,0.2456575632095337,0.2995049357414245,0.0007028194044319,0.9912233352661132,0.9931874871253968,0.0009550207472606,0.989333152770996,0.991792380809784,0.1251555295269477,0.5057872533798218,0.85367751121521,0.1869162122247019,0.427419364452362,0.9039999842643738,0.1862507667704789,1.2239999771118164,1.7177419662475586,0.3278756400894654,12.039999961853027,12.894309043884276,0.2925031835895252,0.9268292784690856,1.712000012397766,0.0245732669309459,0.8135762214660645,0.8801953792572021,0.0337322906835611,0.7355415225028992,0.8285877704620361,0.0035720906047376,0.9367980838653448,0.9472126942942743,0.0640313119890602,0.1269996523450388,0.3092427052449522,0.0031180887700735,0.950027952120636,0.9582319063912574,0.0734542397051448,0.1136835123575121,0.3003210461267391,0.0040650654048285,0.0549999974644847,0.0662287896020228,0.052582283205153,0.5782608719212345,0.7349999861419196,0.0023903000018844,0.97569345100413,0.9830897105157914,0.0864511122645828,0.1992481210319525,0.4248120303910869,0.0040650654048286,0.9337712103979772,0.9450000025355152,0.052582283205153,0.2650000138580803,0.4217391280787654,0.002552624405511595,0.9542721299199223,0.9616961148382421,0.06337733781702751,0.22746781674059224,0.39511201513768357,0.0014595866907808,0.9747021514061384,0.97897431978118,0.0137507431423451,0.8151133500370722,0.8490086403992297,108.0,236034,236322,0.9420088666814527,0.9372296827501044,0.9474935938820466,0.0035304513453712915,0.24707147801126736,0.12865819885714083,0.31004962086733195,0.06364344467094649
18,18,0.0421589761972427,4.237621784210205,0.0712999299168586,11.45817584991455,0.2230002015829086,0.9945810079574584,0.993405532836914,0.7572015762329102,0.783229386806488,1.371606135368347,12.422856330871582,1.395056164264679,0.8394602298736572,0.7712508082389832,0.953765983029342,0.2579689900189516,0.9643584396918656,0.2637769906941875,0.0499773007406358,0.6352921034146158,0.9834477560179012,0.3648041955581848,0.9500226992593642,0.3647078965853841,0.966440503638653,0.3552669584486877,0.9815943393232496,0.8267316682447987,249280.0,0.0042958791137883,0.0347791761159896,0.0458120517432689,0.0216086524342718,4.218362331390381,4.279703140258789,0.0128374617162862,0.0482673272490501,0.0856079384684562,0.0238385653961292,11.434728622436523,11.495049476623535,0.0292602467358596,0.1745049506425857,0.2573891580104828,0.0012599721193679,0.9930849075317384,0.9964647889137268,0.0016476571479586,0.9914544224739076,0.9959433078765868,0.215359197616405,0.5443066358566284,1.121774435043335,0.223857790231822,0.5447154641151428,1.1360000371932983,0.2505611598319857,0.9919999837875366,1.6416666507720947,0.5507797001366961,11.359999656677246,12.910569190979004,0.525684481181957,0.9105691313743592,2.3919999599456787,0.0313913815026313,0.7854880690574646,0.8700174689292908,0.0397052867256641,0.7058671116828918,0.8127503991127014,0.0062307943356937,0.9485797999025394,0.9650394011761848,0.044828844839416,0.2075559577015739,0.3293249209067215,0.0051303897679273,0.9603517354770044,0.9738937181809744,0.0746444468548277,0.1828877610381507,0.3598962605025009,0.0064312234586911,0.0391775478561604,0.057401809957981,0.0274583400171519,0.5928571445403659,0.6780045243439528,0.002999933571569,0.9801095423293285,0.9888475839631032,0.108428732843521,0.2509363355527435,0.5338345986809223,0.0064312234586911,0.942598190042019,0.9608224521438395,0.0274583400171519,0.3219954756560472,0.4071428554596342,0.004519737223675865,0.962692848640479,0.9746335973004872,0.05043626419263296,0.2989010999375763,0.421441769832565,0.0024843985934363,0.9795116689063385,0.9860745784515448,0.0203329323777766,0.7869017619043315,0.841382816185661,114.0,249147,249451,0.9540419752644203,0.9489895476825913,0.965228834318837,0.006170855678286618,0.26254113567825216,0.21125486915844602,0.32959818184855133,0.0446975446800517
19,19,0.0403006739914417,4.241824817657471,0.0670968249440192,11.461365127563475,0.2198109865188598,0.9943101167678832,0.9929936408996582,0.7187100291252136,0.7449489593505859,1.4098865509033205,12.47316093444824,1.3447515964508057,0.8397812724113465,0.7693377375602722,0.9549373771104506,0.248789895490112,0.9656124316693704,0.2479836946788223,0.0492479408519103,0.6416403174272546,0.9844304357738114,0.3453221518274013,0.9507520591480896,0.3583596825727453,0.9672946831793265,0.3465599290997187,0.9820572451290688,0.8275608378085776,262400.0,0.0036024076492461,0.034572809934616,0.044595219194889,0.0093851510814383,4.2320098876953125,4.258663177490234,0.0074279041157473,0.0566502474248409,0.0769230797886848,0.0241035834391751,11.434406280517578,11.50371265411377,0.0200607574423878,0.1806930750608444,0.2351485192775726,0.0010747741464246,0.9928916692733764,0.9956865906715392,0.0013773295461555,0.9912739396095276,0.9947171211242676,0.1524125996569797,0.593743085861206,1.018681287765503,0.1871046024949846,0.5483871102333069,1.0333333015441897,0.1776493570684321,1.1749999523162842,1.6097561120986938,0.4120664175833618,11.666666984558104,12.772357940673828,0.401308523785193,1.0487804412841797,2.125,0.0221178923668691,0.7981556057929993,0.8631901741027832,0.0278632686853137,0.7181511521339417,0.8013827204704285,0.0038609474135406,0.9518789448097243,0.9619742682899254,0.0434020995177167,0.1957589737905314,0.3131664451225829,0.0030342351762497,0.962506689713868,0.9704469796135038,0.061108133796382,0.1764772799463103,0.3182479665869797,0.0043014586420243,0.0408391602126897,0.052327185726697,0.0282177600720932,0.6014760241438555,0.6728232257694378,0.0017067684369587,0.9821582728655984,0.9868157056580554,0.0842894362176928,0.2556390992067621,0.4679245307463351,0.0043014586420243,0.947672814273303,0.9591608397873104,0.0282177600720932,0.3271767742305622,0.3985239758561445,0.0027737125258890305,0.9650784678599834,0.9723521911406425,0.04658518398957796,0.2893617030644967,0.40601503179155424,0.0015641054066783,0.980836371684464,0.984905952071212,0.017175348072018,0.7937500060535967,0.8393492643716416,120.0,262260,262580,0.9552153226229724,0.9521523617228511,0.96214640735462,0.0038172228483431027,0.2512598750889413,0.19797762644015712,0.31324044455829186,0.042884225417986976
20,20,0.0361710105091333,4.246301078796387,0.0626206316053867,11.477755928039551,0.2034199804067611,0.9950315475463868,0.9937691330909728,0.6541322946548462,0.6402990758419037,1.514536428451538,12.779210090637209,1.0387022733688354,0.8519099473953247,0.7856197357177734,0.9581810318621004,0.2430526990835384,0.9680484589041098,0.2224744668244792,0.045671556355732,0.6090130549011672,0.985461331687062,0.2976343470224407,0.954328443644268,0.3909869450988328,0.9696347814747348,0.32981511783341666,0.98336184055064,0.840148087897356,275520.0,0.0054360248000916,0.0295893922448158,0.0429819636046886,0.0228740046419947,4.221674919128418,4.288366317749023,0.0139747465518724,0.0396039597690105,0.0769230797886848,0.0360582837150166,11.431034088134766,11.517326354980469,0.0406087041147944,0.1584158390760421,0.2610837519168854,0.0018407429126463,0.99280047416687,0.9970867037773132,0.0024160338030262,0.9907013177871704,0.9964239001274108,0.1041350291078995,0.5070000886917114,0.782331109046936,0.14575664755491,0.3577235639095306,0.7580645084381104,0.1617961065109839,1.3870967626571655,1.813008189201355,0.3672317629970117,12.21774196624756,13.325202941894531,0.3707805502777203,0.4959349632263183,1.6370967626571655,0.0182176764254001,0.8302556872367859,0.874873161315918,0.0250902004211967,0.7569343447685242,0.8162893652915955,0.0083518157519592,0.9472219151827032,0.9689072834952096,0.042468437404567,0.1732040227820423,0.3004223855001599,0.0065448314337493,0.9601865863365352,0.9772741595426996,0.0495069319861509,0.1289116438583004,0.2750737862591608,0.0088781410106193,0.0356248256580098,0.0582417593887571,0.0414749249819275,0.5693779773391872,0.6835016841719984,0.0032628930956003,0.9821582728655984,0.9908492995031096,0.0694180609012954,0.1647939978750831,0.3533834582287876,0.0088781410106194,0.9417582406112428,0.9643751743419902,0.0414749249819274,0.3164983158280016,0.4306220226608128,0.006044313066734037,0.9617057084594614,0.977433004483405,0.0494418366021908,0.236559128129685,0.3829787333608483,0.0033428950402976,0.9789725014893282,0.9876218478520018,0.0159799766021754,0.8109879046678543,0.8556176856256982,126.0,275373,275709,0.9584246807617518,0.9476257793201082,0.9690759331433462,0.008259932024722761,0.2493561328656481,0.19642092674073278,0.3028143106381077,0.03624586684995062
21,21,0.0299491140991449,4.254449939727783,0.054471768438816,11.524995231628418,0.1561807513236999,0.9968588829040528,0.9961338758468627,0.7633288025856018,0.7011622190475464,1.45367329120636,12.57267074584961,1.2452417135238647,0.8350510239601135,0.7622020721435547,0.966785658082799,0.2434243800461141,0.9739872149185488,0.2354246029967672,0.0354066008678604,0.6330823416505215,0.9873572431475248,0.3255802052200331,0.9645933991321396,0.3669176583494785,0.975840188550307,0.3380842138461752,0.9868258083001284,0.8310108069006213,288640.0,0.0023484276172697,0.0269853509962558,0.0330857932567596,0.0148650513875388,4.238213539123535,4.2821784019470215,0.0083230435887653,0.0457920804619789,0.0657568201422691,0.0129818841494564,11.502481460571287,11.538366317749023,0.0137354533696874,0.1426798999309539,0.1774193495512008,0.0005892350431169,0.9962427616119384,0.9977948665618896,0.0009030371561263,0.9950122833251952,0.9974932670593262,0.1313602301030087,0.5646048188209534,0.968344509601593,0.1528088941198198,0.422764241695404,0.8333333134651184,0.1593266541593656,1.312000036239624,1.7479674816131592,0.3816063004293517,12.13599967956543,13.203251838684082,0.3602648857021882,0.6178861856460571,1.616000056266785,0.0164120504784715,0.8119003772735596,0.8559173345565796,0.0203597701686541,0.7335214614868164,0.7879910469055176,0.0028688484449623,0.9616538869560785,0.9696467049085647,0.0410646248510425,0.1922290488381176,0.3057307014469885,0.0025629506606822,0.9695316813850068,0.976798864322171,0.0518397764453008,0.1500506758974418,0.2898559354305168,0.0030724682237765,0.0324950553151146,0.0401798233739602,0.0400419944288974,0.580786044654774,0.6848249051855664,0.0019381926244043,0.9847218231880468,0.9894195025940912,0.0712369262555306,0.1947565593462833,0.3834586356653799,0.0030724682237766,0.9598201766260396,0.9675049446848852,0.0400419944288974,0.3151750948144335,0.4192139553452259,0.0020892392069872794,0.9721115556776159,0.9779536476561652,0.04594017736919502,0.2632911449730959,0.3918367185715783,0.0011361112338414,0.9847861530466292,0.9879313014611854,0.0158592639088421,0.8156171198144887,0.8520589709274896,132.0,288486,288838,0.9669121839314222,0.9618029964815717,0.9697701451061973,0.0028530725056057585,0.24700614625408682,0.205037896772161,0.30658389458251817,0.037672745260655
22,22,0.0309857137501239,4.254959678649902,0.0539620243012904,11.510698127746585,0.170477944612503,0.9960994720458984,0.9950395345687866,0.8498058438301086,0.7567551612854004,1.3980803728103637,12.408203506469729,1.4097090363502502,0.8304572939872742,0.7591401100158691,0.9646558793801856,0.2468309947826296,0.972880064386114,0.2497717632311696,0.0384891163548443,0.637379977319777,0.987473811661292,0.3518272544766052,0.9615108836451556,0.362620022680223,0.974309108896208,0.3451999576870768,0.9859638569799152,0.8242033420448138,301760.0,0.0022365592297693,0.028547890484333,0.0346015840768814,0.0160882510409512,4.242574214935303,4.285891056060791,0.0065426599815808,0.0420792065560817,0.0618811883032321,0.0240635061004721,11.479063987731934,11.538461685180664,0.0257481209412498,0.1414391994476318,0.2130541801452636,0.0006533328927085,0.9950683116912842,0.9969096779823304,0.0008077188640883,0.9936603903770448,0.9958776235580444,0.2215415549768385,0.5485656261444092,1.1252182722091677,0.1935487950331604,0.422764241695404,1.02400004863739,0.2089682680989014,1.1039999723434448,1.7479674816131592,0.537778237764122,11.862903594970703,13.243902206420898,0.5238435648824762,0.577235758304596,1.9919354915618896,0.0334542266533954,0.7943427562713623,0.8728662133216858,0.0439403863828835,0.7138350009918213,0.8183868527412415,0.0037448205148013,0.9579655007883996,0.9686737990601476,0.0437627108072167,0.197999003327581,0.3012491991949417,0.0021685253624809,0.969166902155066,0.9746529667811656,0.0633011734015869,0.1529918537353687,0.346240840772992,0.00557738925219,0.0321761195883658,0.0478164706753606,0.0502483229927371,0.577235758304596,0.7077363929008935,0.0015375282499491,0.9856239216099963,0.9902773808499694,0.0921966608069034,0.1947565593462833,0.4812030256303331,0.0055773892521901,0.9521835293246392,0.967823880411634,0.0502483229927371,0.2922636070991065,0.422764241695404,0.002703845831476976,0.9694667242308191,0.9772014831539114,0.04895066222380386,0.2666666741860218,0.408945705000951,0.0015053862580864,0.9832858357149104,0.987586314451394,0.0233889363077534,0.7928427437324106,0.8546009137594717,138.0,301599,301967,0.9648276689121944,0.9582647238046529,0.9687596605777112,0.003670992946129653,0.252280026334594,0.21449883894848368,0.30611112926565726,0.041103483450081545
23,23,0.0265590697526931,4.264369297027588,0.0445523709058761,11.533222770690918,0.1479531243443488,0.9971214413642884,0.9962624430656432,0.8003409147262573,0.752493166923523,1.4023423433303832,12.531092071533203,1.286820375919342,0.836821186542511,0.7642923355102539,0.9696549813869,0.2603738372266272,0.9769916277091986,0.2565993105401284,0.0335034927322676,0.620219044420032,0.9896564283337714,0.3497357591485735,0.9664965072677324,0.3797809555799681,0.9779306297247226,0.354668049407766,0.9879606136817964,0.8316350957505273,314880.0,0.0038672287323035,0.0231444630771875,0.0325513109564781,0.0180266279598636,4.246305465698242,4.295792102813721,0.0081261817329969,0.0321782194077968,0.0558312647044658,0.0259570008140514,11.488916397094728,11.564516067504885,0.0305566204812813,0.1153846159577369,0.2032019644975662,0.0007922281768794,0.9957230091094972,0.9979185461997986,0.0009374838917827,0.9946081042289734,0.9971730709075928,0.1896340956571176,0.5506784319877625,1.1014151573181152,0.1630334752651831,0.4308943152427673,0.8640000224113464,0.1781042745596501,1.2640000581741333,1.739837408065796,0.4282574803482857,12.04838752746582,13.268292427062988,0.4223086758658193,0.5528455376625061,1.8064515590667725,0.0252855898900321,0.7968909740447998,0.8644512295722961,0.0321699577124028,0.715804398059845,0.8022087812423706,0.0056746129689538,0.960078397929674,0.975312798205725,0.0398824094144039,0.2059715245338738,0.3230957621240026,0.004072322052208,0.9708693852220348,0.9813231416993144,0.0541304633980286,0.1585018727189151,0.3152318102145135,0.0067562329651617,0.0263083445944952,0.0456684178384716,0.0445693137168262,0.5619834715751226,0.6829268292682927,0.0019050820174714,0.9870279619726412,0.9925650554389014,0.0776395664393524,0.1985018740989381,0.4060150327502022,0.0067562329651617,0.9543315821615284,0.9736916554055048,0.0445693137168262,0.3170731707317073,0.4380165284248773,0.004116885959973927,0.9709940871507067,0.9820256778028623,0.04602269522392166,0.2731958775548388,0.41025642360437803,0.0022617470129244,0.9841330976828516,0.9902242220965364,0.0184177817877417,0.8054435587405495,0.8566344654844327,144.0,314712,315096,0.9697916490727673,0.9603557233523662,0.9753801988525466,0.005608841989489235,0.26488320149958444,0.2259466744074168,0.32328221613257646,0.03477343122112808
24,24,0.0253016855567693,4.26706829071045,0.0418533716350793,11.544050598144532,0.1371254846453666,0.9971221089363098,0.9961617469787598,0.7142075538635254,0.6441080451011658,1.5107274770736694,12.74975814819336,1.0681543111801148,0.8496185660362243,0.7811853647232055,0.9717724193173642,0.2384825566459435,0.9785495834031208,0.221873546922275,0.031115054180646,0.6239037118253431,0.9902888223105378,0.2992072384439457,0.968884945819354,0.3760962881746568,0.9794643148037345,0.32697825321751195,0.9888068151447972,0.8385324594896202,328000.0,0.0021538797131293,0.0229383762925863,0.0286521557718515,0.0104830513555666,4.251861095428467,4.283415794372559,0.0086349154951202,0.0258620698004961,0.0521091818809509,0.0229131788989562,11.51612949371338,11.576732635498049,0.0202772296952692,0.1076732650399208,0.1637717187404632,0.0004510680614792,0.9963014721870422,0.9975516200065612,0.0005661663571711,0.9951021075248718,0.9966647624969482,0.0811778941471126,0.5953272581100464,0.8345566987991333,0.1750615470261783,0.422764241695404,0.8399999737739563,0.1835663086258575,1.287999987602234,1.7479674816131592,0.302903428727698,12.32800006866455,13.19512176513672,0.2796684985049639,0.6260162591934204,1.4240000247955322,0.0113371158194424,0.8347160220146179,0.8682364225387573,0.0154634405225644,0.7614282369613647,0.8070082068443298,0.0035848594867359,0.9659580399665674,0.976112790741467,0.048342002659041,0.1700194390431327,0.2842591236921583,0.002801569981611,0.9738710946104456,0.9815521809526696,0.0631815148757361,0.1427389721694507,0.2911882610934961,0.004474445781268,0.0246458928261785,0.0370890709514955,0.0238903100004497,0.5968992164355476,0.6666666666666666,0.0019984145730167,0.9878927644654818,0.9939810832842196,0.0823758257721712,0.1947565593462833,0.3947368369455812,0.004474445781268,0.9629109290485044,0.9753541071738214,0.0238903100004497,0.3333333333333333,0.4031007835644524,0.0025918211120649257,0.9752418890680479,0.9825913239551439,0.05612157302786252,0.25522041262017875,0.3825136527480048,0.0014367416582786,0.9864938290601452,0.99055654474779,0.007674881730333,0.829219143385845,0.8515505829981442,150.0,327825,328225,0.971887322264311,0.9661078168948654,0.9761633873776022,0.003554688410324906,0.2430659098858028,0.17613134343564185,0.28458744440652295,0.04385054444407374
